{
	"format_version": "1.12.0",
	"minecraft:geometry": [
		{
			"description": {
				"identifier": "geometry.unknown",
				"texture_width": 512,
				"texture_height": 512,
				"visible_bounds_width": 41,
				"visible_bounds_height": 20.5,
				"visible_bounds_offset": [0, 9.75, 0]
			},
			"bones": [
				{
					"name": "megarayquaza",
					"pivot": [0, 18, 0]
				},
				{
					"name": "body",
					"parent": "megarayquaza",
					"pivot": [0, 57, -96]
				},
				{
					"name": "neck",
					"parent": "body",
					"pivot": [0, 55, -92.5],
					"cubes": [
						{"origin": [-6, 49, -105], "size": [12, 12, 13], "uv": [0, 244]}
					]
				},
				{
					"name": "neck2",
					"parent": "neck",
					"pivot": [0, 55, -103.5],
					"cubes": [
						{"origin": [-7, 49, -118], "size": [14, 12, 15], "inflate": 0.01, "uv": [94, 204]}
					]
				},
				{
					"name": "head",
					"parent": "neck2",
					"pivot": [-0.75, 54.25, -115.75],
					"cubes": [
						{"origin": [-7.5, 48.89257, -125.00192], "size": [15, 13, 10], "uv": [210, 258]},
						{"origin": [1.5, 52.89257, -153.00192], "size": [30, 0, 43], "uv": [0, 0]},
						{"origin": [-31.5, 52.89257, -153.00192], "size": [30, 0, 43], "uv": [0, 0], "mirror": true}
					]
				},
				{
					"name": "face",
					"parent": "head",
					"pivot": [-0.5, -4.10743, -132.60192],
					"cubes": [
						{"origin": [-7.5, 52.89257, -127.00192], "size": [15, 9, 2], "uv": [48, 180]},
						{"origin": [-3.6, 52.89257, -134.00192], "size": [2, 6, 9], "pivot": [-1.2, 56.14257, -134.50192], "rotation": [0, -25.5, 0], "uv": [244, 312]},
						{"origin": [-5.8, 55.89257, -141.87352], "size": [0, 31, 49], "pivot": [-5.8035, 60.39257, -131.77352], "rotation": [7.96346, -22.83862, -12.93363], "uv": [0, 43]},
						{"origin": [5.8, 55.89257, -141.87352], "size": [0, 31, 49], "pivot": [5.8035, 60.39257, -131.77352], "rotation": [7.96346, 22.83862, 12.93363], "uv": [0, 43], "mirror": true},
						{"origin": [-3.6, 52.89257, -140.00192], "size": [2, 4, 6], "pivot": [-1.2, 56.14257, -134.50192], "rotation": [0, -25.5, 0], "uv": [284, 113]},
						{"origin": [1.6, 52.89257, -134.00192], "size": [2, 6, 9], "pivot": [1.2, 56.14257, -134.50192], "rotation": [0, 25.5, 0], "uv": [266, 312]},
						{"origin": [1.6, 52.89257, -140.00192], "size": [2, 4, 6], "pivot": [1.2, 56.14257, -134.50192], "rotation": [0, 25.5, 0], "uv": [162, 312]},
						{"origin": [-3.5, 52.89257, -135.10192], "size": [7, 6, 5], "uv": [186, 270]},
						{"origin": [-5.5, 52.89257, -130.80192], "size": [11, 6, 7], "uv": [48, 167]},
						{"origin": [-1.5, 52.89257, -136.60192], "size": [3, 4, 3], "uv": [152, 212]},
						{"origin": [-6.5, 58.99257, -135.10192], "size": [13, 0, 8], "uv": [266, 217]},
						{"origin": [-3.5, 56.99257, -140.60192], "size": [7, 0, 7], "uv": [48, 197]},
						{"origin": [-1, 52.89257, -140.50192], "size": [2, 4, 4], "uv": [152, 204]},
						{"origin": [-1, 51.89257, -140.70192], "size": [2, 2, 1], "inflate": -0.25, "pivot": [0, 52.89257, -137.80192], "rotation": [0, 0, -45], "uv": [176, 40]}
					]
				},
				{
					"name": "teeth",
					"parent": "face",
					"pivot": [-6.12296, 51.89257, -127.43266],
					"cubes": [
						{"origin": [-7, 47.54257, -133.63266], "size": [0, 2, 2], "pivot": [-6.12296, 51.89257, -127.43266], "rotation": [-45, -25.5, 0], "uv": [82, 184]},
						{"origin": [-7, 49.54257, -131.63266], "size": [0, 2, 2], "pivot": [-6.12296, 51.89257, -127.43266], "rotation": [-45, -25.5, 0], "uv": [82, 180]},
						{"origin": [7, 47.54257, -133.63266], "size": [0, 2, 2], "pivot": [6.12296, 51.89257, -127.43266], "rotation": [-45, 25.5, 0], "uv": [82, 192]},
						{"origin": [7, 49.54257, -131.63266], "size": [0, 2, 2], "pivot": [6.12296, 51.89257, -127.43266], "rotation": [-45, 25.5, 0], "uv": [82, 188]}
					]
				},
				{
					"name": "eyes",
					"parent": "face",
					"pivot": [-1.2, 56.14257, -134.50192]
				},
				{
					"name": "eye_right",
					"parent": "eyes",
					"pivot": [-1.2, 56.14257, -134.50192],
					"cubes": [
						{"origin": [-3.62, 54.39257, -136.00192], "size": [0, 4, 8], "pivot": [-1.2, 56.14257, -134.50192], "rotation": [15.5, -25.5, 0], "uv": [40, 331]},
						{"origin": [-3.64, 55.39257, -136.50192], "size": [0, 4, 8], "pivot": [-1.2, 56.14257, -134.50192], "rotation": [15.5, -25.5, 0], "uv": [0, 332]},
						{"origin": [-3.6, 54.39257, -136.00192], "size": [0, 4, 8], "pivot": [-1.2, 56.14257, -134.50192], "rotation": [15.5, -25.5, 0], "uv": [300, 332]},
						{"origin": [-3.61, 54.89257, -136.00192], "size": [0, 4, 8], "pivot": [-1.2, 56.14257, -134.50192], "rotation": [15.5, -25.5, 0], "uv": [224, 28]}
					]
				},
				{
					"name": "iris_right",
					"parent": "eye_right",
					"pivot": [-1.2, 56.14257, -134.50192],
					"cubes": [
						{"origin": [-3.62, 54.39257, -136.00192], "size": [0, 4, 8], "pivot": [-1.2, 56.14257, -134.50192], "rotation": [15.5, -25.5, 0], "uv": [16, 332]},
						{"origin": [-3.63, 54.89257, -136.50192], "size": [0, 4, 8], "pivot": [-1.2, 56.14257, -134.50192], "rotation": [15.5, -25.5, 0], "uv": [284, 332]}
					]
				},
				{
					"name": "eye_left",
					"parent": "eyes",
					"pivot": [1.2, 56.14257, -134.50192],
					"cubes": [
						{"origin": [3.61, 54.39257, -136.00192], "size": [0, 4, 8], "pivot": [1.2, 56.14257, -134.50192], "rotation": [15.5, 25.5, 0], "uv": [40, 331], "mirror": true},
						{"origin": [3.64, 55.39257, -136.50192], "size": [0, 4, 8], "pivot": [1.2, 56.14257, -134.50192], "rotation": [15.5, 25.5, 0], "uv": [0, 332], "mirror": true},
						{"origin": [3.62, 54.39257, -136.00192], "size": [0, 4, 8], "pivot": [1.2, 56.14257, -134.50192], "rotation": [15.5, 25.5, 0], "uv": [316, 332]},
						{"origin": [3.62, 54.89257, -136.00192], "size": [0, 4, 8], "pivot": [1.2, 56.14257, -134.50192], "rotation": [15.5, 25.5, 0], "uv": [224, 28], "mirror": true}
					]
				},
				{
					"name": "iris_left",
					"parent": "eye_left",
					"pivot": [1.2, 56.14257, -134.50192],
					"cubes": [
						{"origin": [3.62, 54.39257, -136.00192], "size": [0, 4, 8], "pivot": [1.2, 56.14257, -134.50192], "rotation": [15.5, 25.5, 0], "uv": [16, 332], "mirror": true},
						{"origin": [3.63, 54.89257, -136.50192], "size": [0, 4, 8], "pivot": [1.2, 56.14257, -134.50192], "rotation": [15.5, 25.5, 0], "uv": [284, 332], "mirror": true}
					]
				},
				{
					"name": "ribbon_top_right",
					"parent": "face",
					"pivot": [-24.10057, 76.87944, -98.39275],
					"cubes": [
						{"origin": [-5.8, 71.89257, -92.87352], "size": [0, 7, 7], "pivot": [-5.8035, 60.39257, -131.77352], "rotation": [7.96346, -22.83862, -12.93363], "uv": [332, 56]}
					]
				},
				{
					"name": "ribbon_top_right2",
					"parent": "ribbon_top_right",
					"pivot": [-26.93042, 77.30225, -91.60278],
					"cubes": [
						{"origin": [-5.8, 73.89257, -85.87352], "size": [0, 2, 20], "pivot": [-5.8035, 60.39257, -131.77352], "rotation": [7.96346, -22.83862, -12.93363], "uv": [302, 20]}
					]
				},
				{
					"name": "ribbon_top_right3",
					"parent": "ribbon_top_right2",
					"pivot": [-34.90523, 78.032, -73.75298],
					"cubes": [
						{"origin": [-5.8, 73.89257, -65.87352], "size": [0, 2, 20], "pivot": [-5.8035, 60.39257, -131.77352], "rotation": [7.96346, -22.83862, -12.93363], "uv": [138, 290], "mirror": true}
					]
				},
				{
					"name": "ribbon_top_right4",
					"parent": "ribbon_top_right3",
					"pivot": [-43.01825, 79.01182, -55.49869],
					"cubes": [
						{"origin": [-5.8, 73.89257, -45.87352], "size": [0, 2, 20], "pivot": [-5.8035, 60.39257, -131.77352], "rotation": [7.96346, -22.83862, -12.93363], "uv": [232, 290], "mirror": true}
					]
				},
				{
					"name": "ribbon_top_right5",
					"parent": "ribbon_top_right4",
					"pivot": [-51.13126, 79.99163, -37.2444],
					"cubes": [
						{"origin": [-5.8, 73.89257, -25.87352], "size": [0, 2, 20], "pivot": [-5.8035, 60.39257, -131.77352], "rotation": [7.96346, -22.83862, -12.93363], "uv": [272, 290], "mirror": true}
					]
				},
				{
					"name": "ribbon_top_right6",
					"parent": "ribbon_top_right5",
					"pivot": [-59.24427, 80.97145, -17.99011],
					"cubes": [
						{"origin": [-5.8, 73.89257, -5.87352], "size": [0, 2, 20], "pivot": [-5.8035, 60.39257, -131.77352], "rotation": [7.96346, -22.83862, -12.93363], "uv": [292, 48], "mirror": true}
					]
				},
				{
					"name": "ribbon_top_right7",
					"parent": "ribbon_top_right6",
					"pivot": [-67.35728, 81.95126, 0.26417],
					"cubes": [
						{"origin": [-5.8, 73.89257, 14.12648], "size": [0, 2, 20], "pivot": [-5.8035, 60.39257, -131.77352], "rotation": [7.96346, -22.83862, -12.93363], "uv": [42, 299], "mirror": true}
					]
				},
				{
					"name": "ribbon_top_right8",
					"parent": "ribbon_top_right7",
					"pivot": [-75.47029, 82.93108, 18.51846],
					"cubes": [
						{"origin": [-5.8, 73.89257, 34.12648], "size": [0, 2, 20], "pivot": [-5.8035, 60.39257, -131.77352], "rotation": [7.96346, -22.83862, -12.93363], "uv": [300, 113], "mirror": true}
					]
				},
				{
					"name": "ribbon_top_right9",
					"parent": "ribbon_top_right8",
					"pivot": [-84.5833, 83.9109, 35.77275],
					"cubes": [
						{"origin": [-5.8, 73.89257, 54.12648], "size": [0, 2, 20], "pivot": [-5.8035, 60.39257, -131.77352], "rotation": [7.96346, -22.83862, -12.93363], "uv": [178, 301], "mirror": true}
					]
				},
				{
					"name": "ribbon_top_right10",
					"parent": "ribbon_top_right9",
					"pivot": [-91.69631, 84.89071, 54.02704],
					"cubes": [
						{"origin": [-5.8, 70.89257, 74.12648], "size": [0, 8, 20], "pivot": [-5.8035, 60.39257, -131.77352], "rotation": [7.96346, -22.83862, -12.93363], "uv": [0, 209], "mirror": true}
					]
				},
				{
					"name": "ribbon_top_left",
					"parent": "face",
					"pivot": [24.10057, 76.87944, -98.39275],
					"cubes": [
						{"origin": [5.8, 71.89257, -92.87352], "size": [0, 7, 7], "pivot": [5.8035, 60.39257, -131.77352], "rotation": [7.96346, 22.83862, 12.93363], "uv": [332, 42]}
					]
				},
				{
					"name": "ribbon_top_left2",
					"parent": "ribbon_top_left",
					"pivot": [26.93042, 77.30225, -92.60278],
					"cubes": [
						{"origin": [5.8, 73.89257, -85.87352], "size": [0, 2, 20], "pivot": [5.8035, 60.39257, -131.77352], "rotation": [7.96346, 22.83862, 12.93363], "uv": [290, 75]}
					]
				},
				{
					"name": "ribbon_top_left3",
					"parent": "ribbon_top_left2",
					"pivot": [34.90523, 78.032, -73.75298],
					"cubes": [
						{"origin": [5.8, 73.89257, -65.87352], "size": [0, 2, 20], "pivot": [5.8035, 60.39257, -131.77352], "rotation": [7.96346, 22.83862, 12.93363], "uv": [138, 290]}
					]
				},
				{
					"name": "ribbon_top_left4",
					"parent": "ribbon_top_left3",
					"pivot": [43.15644, 79.26188, -55.09421],
					"cubes": [
						{"origin": [5.8, 73.89257, -45.87352], "size": [0, 2, 20], "pivot": [5.8035, 60.39257, -131.77352], "rotation": [7.96346, 22.83862, 12.93363], "uv": [232, 290]}
					]
				},
				{
					"name": "ribbon_top_left5",
					"parent": "ribbon_top_left4",
					"pivot": [51.26945, 80.2417, -36.83992],
					"cubes": [
						{"origin": [5.8, 73.89257, -25.87352], "size": [0, 2, 20], "pivot": [5.8035, 60.39257, -131.77352], "rotation": [7.96346, 22.83862, 12.93363], "uv": [272, 290]}
					]
				},
				{
					"name": "ribbon_top_left6",
					"parent": "ribbon_top_left5",
					"pivot": [59.24427, 80.97145, -18.99011],
					"cubes": [
						{"origin": [5.8, 73.89257, -5.87352], "size": [0, 2, 20], "pivot": [5.8035, 60.39257, -131.77352], "rotation": [7.96346, 22.83862, 12.93363], "uv": [292, 48]}
					]
				},
				{
					"name": "ribbon_top_left7",
					"parent": "ribbon_top_left6",
					"pivot": [67.35728, 81.95126, 0.26417],
					"cubes": [
						{"origin": [5.8, 73.89257, 14.12648], "size": [0, 2, 20], "pivot": [5.8035, 60.39257, -131.77352], "rotation": [7.96346, 22.83862, 12.93363], "uv": [42, 299]}
					]
				},
				{
					"name": "ribbon_top_left8",
					"parent": "ribbon_top_left7",
					"pivot": [75.47029, 82.93108, 17.51846],
					"cubes": [
						{"origin": [5.8, 73.89257, 34.12648], "size": [0, 2, 20], "pivot": [5.8035, 60.39257, -131.77352], "rotation": [7.96346, 22.83862, 12.93363], "uv": [300, 113]}
					]
				},
				{
					"name": "ribbon_top_left9",
					"parent": "ribbon_top_left8",
					"pivot": [83.5833, 83.9109, 35.77275],
					"cubes": [
						{"origin": [5.8, 73.89257, 54.12648], "size": [0, 2, 20], "pivot": [5.8035, 60.39257, -131.77352], "rotation": [7.96346, 22.83862, 12.93363], "uv": [178, 301]}
					]
				},
				{
					"name": "ribbon_top_left10",
					"parent": "ribbon_top_left9",
					"pivot": [91.69631, 84.89071, 54.02704],
					"cubes": [
						{"origin": [5.8, 70.89257, 74.12648], "size": [0, 8, 20], "pivot": [5.8035, 60.39257, -131.77352], "rotation": [7.96346, 22.83862, 12.93363], "uv": [0, 209]}
					]
				},
				{
					"name": "ribbon_bottom_left",
					"parent": "face",
					"pivot": [21, 52.89257, -110.00192],
					"cubes": [
						{"origin": [18.5, 52.89257, -110.00192], "size": [5, 0, 20], "uv": [50, 259]}
					]
				},
				{
					"name": "ribbon_bottom_left2",
					"parent": "ribbon_bottom_left",
					"pivot": [21, 52.89257, -90.00192],
					"cubes": [
						{"origin": [15.5, 52.89257, -90.00192], "size": [11, 0, 20], "uv": [238, 123]}
					]
				},
				{
					"name": "ribbon_bottom_left3",
					"parent": "ribbon_bottom_left2",
					"pivot": [21, 52.89257, -70.00192],
					"cubes": [
						{"origin": [18.5, 52.89257, -70.00192], "size": [5, 0, 20], "uv": [260, 230]}
					]
				},
				{
					"name": "ribbon_bottom_left4",
					"parent": "ribbon_bottom_left3",
					"pivot": [21, 52.89257, -50.00192],
					"cubes": [
						{"origin": [19.5, 52.89257, -50.00192], "size": [3, 0, 20], "uv": [268, 143]}
					]
				},
				{
					"name": "ribbon_bottom_left5",
					"parent": "ribbon_bottom_left4",
					"pivot": [21, 52.89257, -30.00192],
					"cubes": [
						{"origin": [15.5, 52.89257, -30.00192], "size": [11, 0, 20], "uv": [238, 123]}
					]
				},
				{
					"name": "ribbon_bottom_left6",
					"parent": "ribbon_bottom_left5",
					"pivot": [21, 52.89257, -10.00192],
					"cubes": [
						{"origin": [19.5, 52.89257, -10.00192], "size": [3, 0, 20], "uv": [0, 269]}
					]
				},
				{
					"name": "ribbon_bottom_left7",
					"parent": "ribbon_bottom_left6",
					"pivot": [21, 52.89257, 9.99808],
					"cubes": [
						{"origin": [15.5, 52.89257, 9.99808], "size": [11, 0, 20], "uv": [238, 123]}
					]
				},
				{
					"name": "ribbon_bottom_left8",
					"parent": "ribbon_bottom_left7",
					"pivot": [21, 52.89257, 29.99808],
					"cubes": [
						{"origin": [19.5, 52.89257, 29.99808], "size": [3, 0, 20], "uv": [140, 270]}
					]
				},
				{
					"name": "ribbon_bottom_left9",
					"parent": "ribbon_bottom_left8",
					"pivot": [21, 52.89257, 49.99808],
					"cubes": [
						{"origin": [15.5, 52.89257, 49.99808], "size": [11, 0, 20], "uv": [238, 123]}
					]
				},
				{
					"name": "ribbon_bottom_left10",
					"parent": "ribbon_bottom_left9",
					"pivot": [21, 52.89257, 69.99808],
					"cubes": [
						{"origin": [19.5, 52.89257, 69.99808], "size": [3, 0, 20], "uv": [260, 270]}
					]
				},
				{
					"name": "ribbon_bottom_left11",
					"parent": "ribbon_bottom_left10",
					"pivot": [21, 52.89257, 89.99808],
					"cubes": [
						{"origin": [11.5, 52.89257, 89.99808], "size": [19, 0, 12], "uv": [240, 101]}
					]
				},
				{
					"name": "ribbon_bottom_right",
					"parent": "face",
					"pivot": [-21, 52.89257, -110.00192],
					"cubes": [
						{"origin": [-23.5, 52.89257, -110.00192], "size": [5, 0, 20], "uv": [260, 250]}
					]
				},
				{
					"name": "ribbon_bottom_right2",
					"parent": "ribbon_bottom_right",
					"pivot": [-21, 52.89257, -90.00192],
					"cubes": [
						{"origin": [-26.5, 52.89257, -90.00192], "size": [11, 0, 20], "uv": [240, 28]}
					]
				},
				{
					"name": "ribbon_bottom_right3",
					"parent": "ribbon_bottom_right2",
					"pivot": [-21, 52.89257, -70.00192],
					"cubes": [
						{"origin": [-23.5, 52.89257, -70.00192], "size": [5, 0, 20], "uv": [266, 174]}
					]
				},
				{
					"name": "ribbon_bottom_right4",
					"parent": "ribbon_bottom_right3",
					"pivot": [-21, 52.89257, -50.00192],
					"cubes": [
						{"origin": [-22.5, 52.89257, -50.00192], "size": [3, 0, 20], "uv": [278, 0]}
					]
				},
				{
					"name": "ribbon_bottom_right5",
					"parent": "ribbon_bottom_right4",
					"pivot": [-21, 52.89257, -30.00192],
					"cubes": [
						{"origin": [-26.5, 52.89257, -30.00192], "size": [11, 0, 20], "uv": [240, 28]}
					]
				},
				{
					"name": "ribbon_bottom_right6",
					"parent": "ribbon_bottom_right5",
					"pivot": [-21, 52.89257, -10.00192],
					"cubes": [
						{"origin": [-22.5, 52.89257, -10.00192], "size": [3, 0, 20], "uv": [46, 279]}
					]
				},
				{
					"name": "ribbon_bottom_right7",
					"parent": "ribbon_bottom_right6",
					"pivot": [-21, 52.89257, 9.99808],
					"cubes": [
						{"origin": [-26.5, 52.89257, 9.99808], "size": [11, 0, 20], "uv": [240, 28]}
					]
				},
				{
					"name": "ribbon_bottom_right8",
					"parent": "ribbon_bottom_right7",
					"pivot": [-21, 52.89257, 29.99808],
					"cubes": [
						{"origin": [-22.5, 52.89257, 29.99808], "size": [3, 0, 20], "uv": [186, 281]}
					]
				},
				{
					"name": "ribbon_bottom_right9",
					"parent": "ribbon_bottom_right8",
					"pivot": [-21, 52.89257, 49.99808],
					"cubes": [
						{"origin": [-26.5, 52.89257, 49.99808], "size": [11, 0, 20], "uv": [240, 28]}
					]
				},
				{
					"name": "ribbon_bottom_right10",
					"parent": "ribbon_bottom_right9",
					"pivot": [-21, 52.89257, 69.99808],
					"cubes": [
						{"origin": [-22.5, 52.89257, 69.99808], "size": [3, 0, 20], "uv": [92, 287]}
					]
				},
				{
					"name": "ribbon_bottom_right11",
					"parent": "ribbon_bottom_right10",
					"pivot": [-21, 52.89257, 89.99808],
					"cubes": [
						{"origin": [-30.5, 52.89257, 89.99808], "size": [19, 0, 12], "uv": [148, 258]}
					]
				},
				{
					"name": "jaw",
					"parent": "face",
					"pivot": [0, 52.1148, -124.21281],
					"rotation": [12.5, 0, 0],
					"cubes": [
						{"origin": [-3.6, 49.89257, -138.00192], "size": [2, 3, 6], "pivot": [-1.2, 51.14257, -132.50192], "rotation": [0, -25.5, 0], "uv": [162, 333]},
						{"origin": [-7.5, 48.89257, -127.00192], "size": [15, 4, 2], "uv": [48, 191]},
						{"origin": [-1.5, 49.89257, -134.60192], "size": [3, 3, 3], "inflate": 0.01, "uv": [278, 20]},
						{"origin": [1.6, 49.89257, -138.00192], "size": [2, 3, 6], "pivot": [1.2, 51.14257, -132.50192], "rotation": [0, 25.5, 0], "uv": [332, 332]},
						{"origin": [-3.5, 48.89257, -133.10192], "size": [7, 4, 5], "inflate": 0.02, "uv": [232, 281]},
						{"origin": [-5.5, 48.89257, -128.80192], "size": [11, 4, 4], "uv": [268, 163]},
						{"origin": [-3.6, 48.89257, -132.00192], "size": [2, 4, 9], "pivot": [-1.2, 51.14257, -132.50192], "rotation": [0, -25.5, 0], "uv": [262, 327]},
						{"origin": [-3.5, 52.89257, -133.00192], "size": [0, 2, 2], "pivot": [-1.2, 51.14257, -132.50192], "rotation": [-45, -25.5, 0], "uv": [82, 196]},
						{"origin": [-3.5, 50.89257, -135.00192], "size": [0, 2, 2], "pivot": [-1.2, 51.14257, -132.50192], "rotation": [-45, -25.5, 0], "uv": [76, 197]},
						{"origin": [3.5, 52.89257, -133.00192], "size": [0, 2, 2], "pivot": [1.2, 51.14257, -132.50192], "rotation": [-45, 25.5, 0], "uv": [40, 209]},
						{"origin": [3.5, 50.89257, -135.00192], "size": [0, 2, 2], "pivot": [1.2, 51.14257, -132.50192], "rotation": [-45, 25.5, 0], "uv": [80, 200]},
						{"origin": [1.6, 48.89257, -132.00192], "size": [2, 4, 9], "pivot": [1.2, 51.14257, -132.50192], "rotation": [0, 25.5, 0], "uv": [240, 327]},
						{"origin": [-1, 49.89257, -138.50192], "size": [2, 3, 4], "uv": [152, 219]}
					]
				},
				{
					"name": "segments",
					"parent": "body",
					"pivot": [0, 55, -96]
				},
				{
					"name": "segment",
					"parent": "segments",
					"pivot": [0, 55.09548, -95],
					"cubes": [
						{"origin": [4, 60, -92], "size": [0, 33, 48], "pivot": [6, 62, -74], "rotation": [0, 0, 40], "uv": [98, 43]},
						{"origin": [-4, 60, -92], "size": [0, 33, 48], "pivot": [-6, 62, -74], "rotation": [0, 0, -40], "uv": [98, 43], "mirror": true},
						{"origin": [-6, 49, -92], "size": [12, 13, 31], "inflate": 0.01, "uv": [0, 123]}
					]
				},
				{
					"name": "arms",
					"parent": "segment",
					"pivot": [-5, 54, -86]
				},
				{
					"name": "arm_left",
					"parent": "arms",
					"pivot": [8.5, 56, -81],
					"cubes": [
						{"origin": [5, 53, -84], "size": [7, 6, 6], "uv": [218, 312], "mirror": true}
					]
				},
				{
					"name": "arm_left2",
					"parent": "arm_left",
					"pivot": [12, 56, -81],
					"cubes": [
						{"origin": [11, 54, -83], "size": [18, 4, 4], "uv": [240, 113], "mirror": true}
					]
				},
				{
					"name": "arm_left3",
					"parent": "arm_left2",
					"pivot": [30, 56, -81],
					"cubes": [
						{"origin": [29, 53, -84], "size": [14, 6, 6], "uv": [50, 244], "mirror": true}
					]
				},
				{
					"name": "hand_left",
					"parent": "arm_left3",
					"pivot": [44, 56, -81],
					"cubes": [
						{"origin": [43, 52, -85], "size": [4, 8, 8], "uv": [302, 97], "mirror": true}
					]
				},
				{
					"name": "finger_left",
					"parent": "hand_left",
					"pivot": [46.25, 52.5, -84.5],
					"cubes": [
						{"origin": [50, 51, -84.5], "size": [5, 3, 0], "uv": [146, 40], "mirror": true},
						{"origin": [46, 51, -86], "size": [4, 3, 3], "uv": [0, 237], "mirror": true}
					]
				},
				{
					"name": "finger_left2",
					"parent": "hand_left",
					"pivot": [46.25, 59.5, -81.5],
					"cubes": [
						{"origin": [46, 58, -83], "size": [4, 3, 3], "uv": [14, 237], "mirror": true},
						{"origin": [50, 58, -81.5], "size": [5, 3, 0], "uv": [156, 40], "mirror": true}
					]
				},
				{
					"name": "finger_left3",
					"parent": "hand_left",
					"pivot": [46.25, 52.5, -77.5],
					"cubes": [
						{"origin": [50, 51, -77.5], "size": [5, 3, 0], "uv": [166, 40], "mirror": true},
						{"origin": [46, 51, -79], "size": [4, 3, 3], "uv": [28, 237], "mirror": true}
					]
				},
				{
					"name": "arm_right",
					"parent": "arms",
					"pivot": [-8.5, 56, -81],
					"cubes": [
						{"origin": [-12, 53, -84], "size": [7, 6, 6], "uv": [218, 312]}
					]
				},
				{
					"name": "arm_right2",
					"parent": "arm_right",
					"pivot": [-12, 56, -81],
					"cubes": [
						{"origin": [-29, 54, -83], "size": [18, 4, 4], "uv": [240, 113]}
					]
				},
				{
					"name": "arm_right3",
					"parent": "arm_right2",
					"pivot": [-30, 56, -81],
					"cubes": [
						{"origin": [-43, 53, -84], "size": [14, 6, 6], "uv": [50, 244]}
					]
				},
				{
					"name": "hand_right",
					"parent": "arm_right3",
					"pivot": [-44, 56, -81],
					"cubes": [
						{"origin": [-47, 52, -85], "size": [4, 8, 8], "uv": [302, 97]}
					]
				},
				{
					"name": "finger_right",
					"parent": "hand_right",
					"pivot": [-46.25, 52.5, -84.5],
					"cubes": [
						{"origin": [-55, 51, -84.5], "size": [5, 3, 0], "uv": [146, 40]},
						{"origin": [-50, 51, -86], "size": [4, 3, 3], "uv": [0, 237]}
					]
				},
				{
					"name": "finger_right2",
					"parent": "hand_right",
					"pivot": [-46.25, 59.5, -81.5],
					"cubes": [
						{"origin": [-50, 58, -83], "size": [4, 3, 3], "uv": [14, 237]},
						{"origin": [-55, 58, -81.5], "size": [5, 3, 0], "uv": [156, 40]}
					]
				},
				{
					"name": "finger_right3",
					"parent": "hand_right",
					"pivot": [-46.25, 52.5, -77.5],
					"cubes": [
						{"origin": [-55, 51, -77.5], "size": [5, 3, 0], "uv": [166, 40]},
						{"origin": [-50, 51, -79], "size": [4, 3, 3], "uv": [28, 237]}
					]
				},
				{
					"name": "segment2",
					"parent": "segment",
					"pivot": [0, 55.5, -60.5],
					"cubes": [
						{"origin": [-5, 50, -61], "size": [10, 11, 17], "uv": [212, 174]}
					]
				},
				{
					"name": "segment3",
					"parent": "segment2",
					"pivot": [0, 55.5, -43.5],
					"cubes": [
						{"origin": [-5, 50, -44], "size": [10, 11, 17], "uv": [212, 202]}
					]
				},
				{
					"name": "segment4",
					"parent": "segment3",
					"pivot": [0, 55.7, -26.3],
					"cubes": [
						{"origin": [0, 62, -25], "size": [0, 18, 24], "uv": [0, 167]},
						{"origin": [60, 122, -25], "size": [0, 17, 24], "pivot": [60, 56, -29], "rotation": [0, 0, -90], "uv": [164, 188], "mirror": true},
						{"origin": [-60, 122, -25], "size": [0, 17, 24], "pivot": [-60, 56, -29], "rotation": [0, 0, 90], "uv": [164, 188]},
						{"origin": [0, 181, -25], "size": [0, 19, 24], "pivot": [0, 115, -29], "rotation": [0, 0, -180], "uv": [164, 145]},
						{"origin": [-6, 49, -27], "size": [12, 13, 27], "uv": [86, 124]}
					]
				},
				{
					"name": "segment5",
					"parent": "segment4",
					"pivot": [0, 55.5, 1.5],
					"cubes": [
						{"origin": [-5, 50, 0], "size": [10, 11, 17], "uv": [224, 0]}
					]
				},
				{
					"name": "segment6",
					"parent": "segment5",
					"pivot": [0, 55.5, 17.5],
					"cubes": [
						{"origin": [-5, 50, 17], "size": [10, 11, 17], "uv": [152, 229]}
					]
				},
				{
					"name": "segment7",
					"parent": "segment6",
					"pivot": [0, 55.7, 33.8],
					"cubes": [
						{"origin": [-6, 49, 33], "size": [12, 13, 27], "uv": [146, 0]},
						{"origin": [0, 62, 35], "size": [0, 18, 24], "uv": [0, 167]},
						{"origin": [60, 122, 35], "size": [0, 17, 24], "pivot": [60, 56, 31], "rotation": [0, 0, -90], "uv": [164, 188], "mirror": true},
						{"origin": [-60, 122, 35], "size": [0, 17, 24], "pivot": [-60, 56, 31], "rotation": [0, 0, 90], "uv": [164, 188]},
						{"origin": [0, 181, 35], "size": [0, 19, 24], "pivot": [0, 115, 31], "rotation": [0, 0, -180], "uv": [164, 145]}
					]
				},
				{
					"name": "segment8",
					"parent": "segment7",
					"pivot": [0, 55.5, 60.5],
					"cubes": [
						{"origin": [-5, 50, 60], "size": [10, 11, 17], "uv": [206, 230]}
					]
				},
				{
					"name": "segment9",
					"parent": "segment8",
					"pivot": [0, 55.5, 77.5],
					"cubes": [
						{"origin": [-5, 50, 77], "size": [10, 11, 17], "uv": [94, 231]}
					]
				},
				{
					"name": "segment10",
					"parent": "segment9",
					"pivot": [0, 55.7, 95.5],
					"cubes": [
						{"origin": [-6, 49, 94], "size": [12, 13, 27], "uv": [86, 164]},
						{"origin": [0, 62, 96], "size": [0, 18, 23], "uv": [194, 82]},
						{"origin": [60, 122, 96], "size": [0, 17, 23], "pivot": [60, 56, 92], "rotation": [0, 0, -90], "uv": [48, 204], "mirror": true},
						{"origin": [-60, 122, 96], "size": [0, 17, 23], "pivot": [-60, 56, 92], "rotation": [0, 0, 90], "uv": [48, 204]},
						{"origin": [0, 181, 96], "size": [0, 19, 23], "pivot": [0, 115, 92], "rotation": [0, 0, -180], "uv": [194, 40]}
					]
				},
				{
					"name": "segment11",
					"parent": "segment10",
					"pivot": [0, 55.5, 120.5],
					"cubes": [
						{"origin": [-5, 50, 120], "size": [10, 11, 18], "uv": [212, 145]}
					]
				},
				{
					"name": "segment12",
					"parent": "segment11",
					"pivot": [0, 55.5, 137.5],
					"cubes": [
						{"origin": [-5, 50, 138], "size": [10, 11, 16], "uv": [240, 48]}
					]
				},
				{
					"name": "segment13",
					"parent": "segment12",
					"pivot": [0, 55.5, 154.5],
					"cubes": [
						{"origin": [-4, 51, 154], "size": [8, 9, 17], "uv": [240, 75]}
					]
				},
				{
					"name": "tip",
					"parent": "segment13",
					"pivot": [0, 55.5, 171.66667],
					"cubes": [
						{"origin": [-2, 53.5, 187], "size": [4, 4, 17], "uv": [0, 289]},
						{"origin": [-3, 52, 171], "size": [6, 7, 16], "uv": [266, 194]},
						{"origin": [2, 55.5, 178], "size": [16, 0, 21], "uv": [164, 124]},
						{"origin": [-18, 55.5, 178], "size": [16, 0, 21], "uv": [164, 124], "mirror": true}
					]
				},
				{
					"name": "ribbon_tip_left",
					"parent": "tip",
					"pivot": [16.5, 55.5, 199],
					"cubes": [
						{"origin": [15, 55.5, 199], "size": [3, 0, 10], "uv": [298, 163]}
					]
				},
				{
					"name": "ribbon_tip_left2",
					"parent": "ribbon_tip_left",
					"pivot": [16.5, 55.5, 209],
					"cubes": [
						{"origin": [15, 55.5, 209], "size": [3, 0, 10], "uv": [312, 282]}
					]
				},
				{
					"name": "ribbon_tip_left3",
					"parent": "ribbon_tip_left2",
					"pivot": [16.5, 55.5, 219],
					"cubes": [
						{"origin": [15, 55.5, 219], "size": [3, 0, 10], "uv": [288, 312]}
					]
				},
				{
					"name": "ribbon_tip_left4",
					"parent": "ribbon_tip_left3",
					"pivot": [17.5, 55.5, 229],
					"cubes": [
						{"origin": [15, 55.5, 229], "size": [3, 0, 10], "uv": [312, 292]}
					]
				},
				{
					"name": "ribbon_tip_left5",
					"parent": "ribbon_tip_left4",
					"pivot": [17.5, 55.5, 239],
					"cubes": [
						{"origin": [15, 55.5, 239], "size": [3, 0, 10], "uv": [312, 302]}
					]
				},
				{
					"name": "ribbon_tip_left6",
					"parent": "ribbon_tip_left5",
					"pivot": [17.5, 55.5, 249],
					"cubes": [
						{"origin": [15, 55.5, 249], "size": [3, 0, 10], "uv": [314, 135]}
					]
				},
				{
					"name": "ribbon_tip_left7",
					"parent": "ribbon_tip_left6",
					"pivot": [17.5, 55.5, 259],
					"cubes": [
						{"origin": [15, 55.5, 259], "size": [3, 0, 10], "uv": [314, 145]}
					]
				},
				{
					"name": "ribbon_tip_left8",
					"parent": "ribbon_tip_left7",
					"pivot": [17.5, 55.5, 269],
					"cubes": [
						{"origin": [15, 55.5, 269], "size": [3, 0, 10], "uv": [314, 312]}
					]
				},
				{
					"name": "ribbon_tip_left9",
					"parent": "ribbon_tip_left8",
					"pivot": [17.5, 55.5, 279],
					"cubes": [
						{"origin": [15, 55.5, 279], "size": [3, 0, 10], "uv": [316, 173]}
					]
				},
				{
					"name": "ribbon_tip_left10",
					"parent": "ribbon_tip_left9",
					"pivot": [17.5, 55.5, 289],
					"cubes": [
						{"origin": [15, 55.5, 289], "size": [3, 0, 10], "uv": [316, 183]}
					]
				},
				{
					"name": "ribbon_tip_left11",
					"parent": "ribbon_tip_left10",
					"pivot": [17, 55.5, 299],
					"cubes": [
						{"origin": [16, 55.5, 299], "size": [2, 0, 10], "uv": [66, 329]}
					]
				},
				{
					"name": "ribbon_tip_left12",
					"parent": "ribbon_tip_left11",
					"pivot": [17, 55.5, 309],
					"cubes": [
						{"origin": [16, 55.5, 309], "size": [2, 0, 10], "uv": [90, 329]}
					]
				},
				{
					"name": "ribbon_tip_right",
					"parent": "tip",
					"pivot": [-16.5, 55.5, 199],
					"cubes": [
						{"origin": [-18, 55.5, 199], "size": [3, 0, 10], "uv": [40, 321]}
					]
				},
				{
					"name": "ribbon_tip_right2",
					"parent": "ribbon_tip_right",
					"pivot": [-16.5, 55.5, 209],
					"cubes": [
						{"origin": [-18, 55.5, 209], "size": [3, 0, 10], "uv": [288, 322]}
					]
				},
				{
					"name": "ribbon_tip_right3",
					"parent": "ribbon_tip_right2",
					"pivot": [-16.5, 55.5, 219],
					"cubes": [
						{"origin": [-18, 55.5, 219], "size": [3, 0, 10], "uv": [314, 322]}
					]
				},
				{
					"name": "ribbon_tip_right4",
					"parent": "ribbon_tip_right3",
					"pivot": [-15.5, 55.5, 229],
					"cubes": [
						{"origin": [-18, 55.5, 229], "size": [3, 0, 10], "uv": [162, 323]}
					]
				},
				{
					"name": "ribbon_tip_right5",
					"parent": "ribbon_tip_right4",
					"pivot": [-15.5, 55.5, 239],
					"cubes": [
						{"origin": [-18, 55.5, 239], "size": [3, 0, 10], "uv": [188, 323]}
					]
				},
				{
					"name": "ribbon_tip_right6",
					"parent": "ribbon_tip_right5",
					"pivot": [-15.5, 55.5, 249],
					"cubes": [
						{"origin": [-18, 55.5, 249], "size": [3, 0, 10], "uv": [324, 0]}
					]
				},
				{
					"name": "ribbon_tip_right7",
					"parent": "ribbon_tip_right6",
					"pivot": [-15.5, 55.5, 259],
					"cubes": [
						{"origin": [-18, 55.5, 259], "size": [3, 0, 10], "uv": [324, 10]}
					]
				},
				{
					"name": "ribbon_tip_right8",
					"parent": "ribbon_tip_right7",
					"pivot": [-15.5, 55.5, 269],
					"cubes": [
						{"origin": [-18, 55.5, 269], "size": [3, 0, 10], "uv": [324, 155]}
					]
				},
				{
					"name": "ribbon_tip_right9",
					"parent": "ribbon_tip_right8",
					"pivot": [-16.5, 55.5, 279],
					"cubes": [
						{"origin": [-18, 55.5, 279], "size": [3, 0, 10], "uv": [214, 324]}
					]
				},
				{
					"name": "ribbon_tip_right10",
					"parent": "ribbon_tip_right9",
					"pivot": [-15.5, 55.5, 289],
					"cubes": [
						{"origin": [-18, 55.5, 289], "size": [3, 0, 10], "uv": [326, 97]}
					]
				},
				{
					"name": "ribbon_tip_right11",
					"parent": "ribbon_tip_right10",
					"pivot": [-16, 55.5, 299],
					"cubes": [
						{"origin": [-18, 55.5, 299], "size": [2, 0, 10], "uv": [330, 70]}
					]
				},
				{
					"name": "ribbon_tip_right12",
					"parent": "ribbon_tip_right11",
					"pivot": [-16, 55.5, 309],
					"cubes": [
						{"origin": [-18, 55.5, 309], "size": [2, 0, 10], "uv": [330, 80]}
					]
				}
			]
		}
	]
}