{
  "portraitScale": 2.1,
  "portraitTranslation": [-1.11,2.43,0],
  "profileScale": 0.51,
  "profileTranslation": [0.05,0.99,-10],
  "animations": {
    "cry": "q.bedrock_stateful('charizard2', 'cry')",
    "recoil": "q.bedrock_stateful('charizard2', 'recoil')",
    "physical": "q.bedrock_primary('charizard2', 'physical', q.curve('symmetrical_wide'))",
    "special": "q.bedrock_primary('charizard2', 'special', q.curve('symmetrical_wide'))",
    "status": "q.bedrock_primary('charizard2', 'status', q.curve('symmetrical_wide'))"
  },
  "poses": {
    "portrait": {
      "poseTypes": [
        "PORTRAIT",
        "PROFILE"
      ],
      "isBattle": false,
      "isTouchingWater": false,
      "animations": [
        "q.look('head')",
        "q.bedrock('charizard2', 'ground_idle')"
      ],
      "quirks": [
        "q.bedrock_quirk('charizard2', 'blink')"
      ]
    },
    "battle-standing": {
      "poseTypes": [
        "STAND"
      ],
      "isBattle": true,
      "animations": [
        "q.look('head')",
        "q.bedrock('charizard2', 'battle_idle')"
      ],
      "quirks": [
        "q.bedrock_quirk('charizard2', 'blink')",
        "q.bedrock_quirk('charizard2', 'battle_quirk')"
      ]
    },
    "standing": {
      "poseTypes": [
        "STAND",
        "NONE",
        "FLOAT"
      ],
      "isBattle": false,
      "isTouchingWater": false,
      "animations": [
        "q.look('head')",
        "q.bedrock('charizard2', 'ground_idle')"
      ],
      "quirks": [
        "q.bedrock_quirk('charizard2', 'blink')",
        "q.bedrock_quirk('charizard2', 'ground_quirk')"
      ]
    },
    "walking": {
      "poseTypes": [
        "WALK",
        "SWIM"
      ],
      "isTouchingWater": false,
      "animations": [
        "q.look('head')",
        "q.bedrock('charizard2', 'ground_walk')"
      ],
      "quirks": [
        "q.bedrock_quirk('charizard2', 'blink')"
      ]
    },
    "sleep": {
      "poseTypes": [
        "SLEEP"
      ],
      "isTouchingWater": false,
      "animations": [
        "q.bedrock('charizard2', 'sleep')"
      ],
      "quirks": [
        "q.bedrock_quirk('charizard2', 'sleep_quirk')"
      ]
    },
    "hover": {
      "poseTypes": [
        "HOVER"
      ],
      "isTouchingWater": false,
      "animations": [
        "q.look('head')",
        "q.bedrock('charizard2', 'air_idle')"
      ],
      "quirks": [
        "q.bedrock_quirk('charizard2', 'blink')"
      ]
    },
    "fly": {
      "poseTypes": [
        "FLY"
      ],
      "isTouchingWater": false,
      "animations": [
        "q.look('head')",
        "q.bedrock('charizard2', 'air_fly')"
      ],
      "quirks": [
        "q.bedrock_quirk('charizard2', 'blink')",
        "q.bedrock_quirk('charizard2', 'air_fly_quirk')"
      ]
    },
    "surface_idle": {
      "poseTypes": [
        "STAND"
      ],
      "isTouchingWater": true,
      "isSubmergedInWater": false,
      "animations": [
        "q.look('head')",
        "q.bedrock('charizard2', 'surfacewater_idle')"
      ],
      "quirks": [
        "q.bedrock_quirk('charizard2', 'blink')"
      ],
      "transformedParts": [
        {
          "part": "body",
          "position": [0, 22, 0]
        }
      ]
    },
    "surface_swim": {
      "poseTypes": [
        "WALK"
      ],
      "isTouchingWater": true,
      "isSubmergedInWater": false,
      "animations": [
        "q.look('head')",
        "q.bedrock('charizard2', 'surfacewater_swim')"
      ],
      "quirks": [
        "q.bedrock_quirk('charizard2', 'blink')"
      ],
      "transformedParts": [
        {
          "part": "body",
          "position": [0, 22, 0]
        }
      ]
    }
  }
}