{
  "species": "cobblemon:blaziken",
  "order": 1,
  "variations": [
    {
      "aspects": ["female"],
      "model": "cobblemon:blaziken_female.geo"
    },
    {
      "aspects": ["mega"],
      "model": "cobblemon:blaziken_mega.geo",
      "texture": "cobblemon:textures/pokemon/0257_blaziken/blaziken_mega.png",
      "layers": [
        {
          "name": "emissive",
          "emissive": true,
          "texture": "cobblemon:textures/pokemon/0257_blaziken/blaziken_mega_emissive.png",
          "translucent": false
        }
      ]
    },
    {
      "aspects": ["mega","shiny"],
      "model": "cobblemon:blaziken_mega.geo",
      "texture": "cobblemon:textures/pokemon/0257_blaziken/blaziken_mega_shiny.png",
      "layers": [
        {
          "name": "emissive",
          "emissive": true,
          "texture": "cobblemon:textures/pokemon/0257_blaziken/blaziken_mega_emissive.png",
          "translucent": false
        }
      ]
    }
  ]
}
