{
  "portraitScale": 1.22,
  "portraitTranslation": [-1.56, 1.41, 0],
  "profileScale": 0.35,
  "profileTranslation": [0, 1.15, 0],
  "rootBone": "salamence",
  "animations": {
    "cry": "q.bedrock_stateful('salamence', 'cry')"
  },
  "poses": {
    "battle-standing": {
      "poseTypes": ["STAND"],
      "isBattle": true,
      "animations": ["q.look('head')", "q.bedrock('salamence', 'battle_idle')"],
      "quirks": ["q.bedrock_quirk('salamence', 'blink')"]
    },
    "standing": {
      "poseTypes": ["STAND", "NONE", "PORTRAIT", "PROFILE"],
      "isBattle": false,
      "animations": ["q.look('head')", "q.bedrock('salamence', 'ground_idle')"],
      "quirks": ["q.bedrock_quirk('salamence', 'blink')"]
    },
    "walking": {
      "poseTypes": ["WALK"],
      "animations": ["q.look('head')", "q.bedrock('salamence', 'ground_walk')"],
      "quirks": ["q.bedrock_quirk('salamence', 'blink')"]
    },
    "hover": {
      "poseTypes": ["HOVER"],
      "animations": ["q.look('head')", "q.bedrock('salamence', 'air_idle')"],
      "quirks": ["q.bedrock_quirk('salamence', 'blink')"]
    },
    "fly": {
      "poseTypes": ["FLY"],
      "animations": ["q.look('head')", "q.bedrock('salamence', 'air_fly')"],
      "quirks": ["q.bedrock_quirk('salamence', 'blink')"]
    }
  }
}
