{
    "biomes": "#minecraft:is_forest",
    "adapt_noise": true,
    "spawn_overrides": {},
    "type": "minecraft:jigsaw",
    "terrain_adaptation": "beard_thin",
    "start_pool": "missingmons:lootbox",
    "size": 1,
    "step": "surface_structures",
    "start_height": {
        "absolute": 2
    },
    "project_start_to_heightmap": "OCEAN_FLOOR_WG",
    "max_distance_from_center": 116,
    "use_expansion_hack": true,
    "placement": {
        "spacing": 30,
        "separation": 10,
        "salt": 19162
    }
}

