{
  "portraitScale": 2.29,
  "portraitTranslation": [-0.23, 2.66, 0],
  "profileScale": 0.46,
  "profileTranslation": [0, 1.04, 0],
  "rootBone": "lucario2",
  "animations": {
    "cry": "q.bedrock_stateful('lucario2', 'cry')"
  },
  "poses": {
    "battle-standing": {
      "poseTypes": ["STAND"],
      "isBattle": true,
      "animations": ["q.bedrock('lucario2', 'battle_idle')"],
      "quirks": ["q.bedrock_quirk('lucario2', 'blink')"]
    },
    "standing": {
      "poseTypes": ["STAND", "FLOAT", "NONE", "PORTRAIT", "PROFILE"],
      "isBattle": false,
      "animations": ["q.bedrock('lucario2', 'ground_idle')"],
      "quirks": ["q.bedrock_quirk('lucario2', 'blink')"]
    },
    "walking": {
      "poseTypes": ["WALK", "SWIM"],
      "isBattle": false,
      "animations": [
        "q.biped_walk(0.66, 0.6, 'leg_left', 'leg_right')",
        "q.bimanual_swing(0.66, 0.6, 'arm_left', 'arm_right')",
        "q.bedrock('lucario2', 'ground_idle')"
      ],
      "quirks": ["q.bedrock_quirk('lucario2', 'blink')"]
    }
  }
}
