{
	"format_version": "1.12.0",
	"minecraft:geometry": [
		{
			"description": {
				"identifier": "geometry.swampert2",
				"texture_width": 256,
				"texture_height": 128,
				"visible_bounds_width": 6,
				"visible_bounds_height": 5,
				"visible_bounds_offset": [0, 1.5, 0]
			},
			"bones": [
				{
					"name": "swampert2",
					"pivot": [0, 0, 0]
				},
				{
					"name": "body",
					"parent": "swampert2",
					"pivot": [0, 13, 6]
				},
				{
					"name": "torso",
					"parent": "body",
					"pivot": [0, 13, 6.5],
					"rotation": [-5, 0, 0],
					"cubes": [
						{"origin": [-8, 5, 1.5], "size": [16, 16, 13], "inflate": 0.01, "uv": [45, 48]}
					]
				},
				{
					"name": "chest",
					"parent": "torso",
					"pivot": [0, 13, 2],
					"rotation": [-17.5, 0, 0],
					"cubes": [
						{"origin": [-7, 6.5, -2.5], "size": [14, 14, 7], "inflate": 0.01, "uv": [16, 35]}
					]
				},
				{
					"name": "chest2",
					"parent": "chest",
					"pivot": [0, 15, -2.5],
					"cubes": [
						{"origin": [-5.5, 9.25, -9], "size": [11, 11, 7], "uv": [58, 30]}
					]
				},
				{
					"name": "arms",
					"parent": "chest2",
					"pivot": [0, 16.25, -7.25]
				},
				{
					"name": "arm_left",
					"parent": "arms",
					"pivot": [5, 17.75, -8.75],
					"cubes": [
						{"origin": [4.5, 13.25, -9], "size": [4, 5, 4], "inflate": 0.1, "uv": [0, 35]}
					]
				},
				{
					"name": "arm_left2",
					"parent": "arm_left",
					"pivot": [8.5, 15.75, -8.25],
					"cubes": [
						{"origin": [8.5, 13.75, -8.25], "size": [8, 4, 3], "inflate": 0.1, "uv": [2, 56]}
					]
				},
				{
					"name": "arm_left3",
					"parent": "arm_left2",
					"pivot": [16.5, 17.75, -5.25],
					"cubes": [
						{"origin": [16.5, 12.28806, -8.05866], "size": [9, 7, 3], "inflate": 0.01, "uv": [0, 69]},
						{"origin": [19, 13.75, -8.75], "size": [8, 4, 1], "inflate": 0.01, "pivot": [19, 15.25, -7.75], "rotation": [0, -1.5, 0], "uv": [40, 56]}
					]
				},
				{
					"name": "wrist_left",
					"parent": "arm_left3",
					"pivot": [25.5, 15.75, -6]
				},
				{
					"name": "hand_left",
					"parent": "wrist_left",
					"pivot": [25.5, 15.75, -8],
					"cubes": [
						{"origin": [25.5, 11.78806, -7.80866], "size": [4, 8, 2], "inflate": 0.02, "uv": [103, 61]}
					]
				},
				{
					"name": "fingers_left",
					"parent": "hand_left",
					"pivot": [29.5, 15.75, -6.75]
				},
				{
					"name": "finger_front_left",
					"parent": "fingers_left",
					"pivot": [29.5, 14.75, -7.75],
					"cubes": [
						{"origin": [29.5, 11.75, -7.75], "size": [4, 3, 1], "inflate": 0.01, "uv": [54, 77]}
					]
				},
				{
					"name": "finger_front_left2",
					"parent": "finger_front_left",
					"pivot": [33.5, 13.25, -7.75],
					"cubes": [
						{"origin": [33.5, 11.75, -7.75], "size": [3, 3, 1], "uv": [84, 98]}
					]
				},
				{
					"name": "finger_middle_left",
					"parent": "fingers_left",
					"pivot": [29.5, 15.75, -7.75],
					"cubes": [
						{"origin": [29.5, 14.25, -7.75], "size": [4, 3, 1], "inflate": 0.02, "uv": [24, 69]}
					]
				},
				{
					"name": "finger_middle_left2",
					"parent": "finger_middle_left",
					"pivot": [33.5, 15.75, -7.75],
					"cubes": [
						{"origin": [33.5, 14.25, -7.75], "size": [3, 3, 1], "inflate": 0.01, "uv": [84, 102]}
					]
				},
				{
					"name": "finger_back_left",
					"parent": "fingers_left",
					"pivot": [29.5, 16.75, -7.75],
					"cubes": [
						{"origin": [29.5, 16.75, -7.75], "size": [4, 3, 1], "inflate": 0.01, "uv": [24, 73]}
					]
				},
				{
					"name": "finger_back_left2",
					"parent": "finger_back_left",
					"pivot": [33.5, 18.25, -7.75],
					"cubes": [
						{"origin": [33.5, 16.75, -7.75], "size": [3, 3, 1], "uv": [84, 106]}
					]
				},
				{
					"name": "arm_right",
					"parent": "arms",
					"pivot": [-5, 17.75, -8.75],
					"cubes": [
						{"origin": [-8.5, 13.25, -9], "size": [4, 5, 4], "inflate": 0.1, "uv": [0, 35], "mirror": true}
					]
				},
				{
					"name": "arm_right2",
					"parent": "arm_right",
					"pivot": [-8.5, 15.75, -8.25],
					"cubes": [
						{"origin": [-16.5, 13.75, -8.25], "size": [8, 4, 3], "inflate": 0.1, "uv": [54, 82], "mirror": true}
					]
				},
				{
					"name": "arm_right3",
					"parent": "arm_right2",
					"pivot": [-16.5, 17.75, -5.25],
					"cubes": [
						{"origin": [-25.5, 12.28806, -8.05866], "size": [9, 7, 3], "inflate": 0.01, "uv": [0, 118], "mirror": true},
						{"origin": [-27, 13.75, -8.75], "size": [8, 4, 1], "inflate": 0.01, "pivot": [-19, 15.25, -7.75], "rotation": [0, 1.5, 0], "uv": [103, 71], "mirror": true}
					]
				},
				{
					"name": "wrist_right",
					"parent": "arm_right3",
					"pivot": [-25.5, 15.75, -6]
				},
				{
					"name": "hand_right",
					"parent": "wrist_right",
					"pivot": [-25.5, 15.75, -8],
					"cubes": [
						{"origin": [-29.5, 11.78806, -7.80866], "size": [4, 8, 2], "inflate": 0.02, "uv": [115, 61], "mirror": true}
					]
				},
				{
					"name": "fingers_right",
					"parent": "hand_right",
					"pivot": [-29.5, 15.75, -6.75]
				},
				{
					"name": "finger_front_right",
					"parent": "fingers_right",
					"pivot": [-29.5, 14.75, -7.75],
					"cubes": [
						{"origin": [-33.5, 11.75, -7.75], "size": [4, 3, 1], "inflate": 0.01, "uv": [64, 77], "mirror": true}
					]
				},
				{
					"name": "finger_front_right2",
					"parent": "finger_front_right",
					"pivot": [-33.5, 13.25, -7.75],
					"cubes": [
						{"origin": [-36.5, 11.75, -7.75], "size": [3, 3, 1], "uv": [68, 119], "mirror": true}
					]
				},
				{
					"name": "finger_middle_right",
					"parent": "fingers_right",
					"pivot": [-29.5, 15.75, -7.75],
					"cubes": [
						{"origin": [-33.5, 14.25, -7.75], "size": [4, 3, 1], "inflate": 0.02, "uv": [34, 69], "mirror": true}
					]
				},
				{
					"name": "finger_middle_right2",
					"parent": "finger_middle_right",
					"pivot": [-33.5, 15.75, -7.75],
					"cubes": [
						{"origin": [-36.5, 14.25, -7.75], "size": [3, 3, 1], "inflate": 0.01, "uv": [68, 123], "mirror": true}
					]
				},
				{
					"name": "finger_back_right",
					"parent": "fingers_right",
					"pivot": [-29.5, 16.75, -7.75],
					"cubes": [
						{"origin": [-33.5, 16.75, -7.75], "size": [4, 3, 1], "inflate": 0.01, "uv": [34, 73], "mirror": true}
					]
				},
				{
					"name": "finger_back_right2",
					"parent": "finger_back_right",
					"pivot": [-33.5, 18.25, -7.75],
					"cubes": [
						{"origin": [-36.5, 16.75, -7.75], "size": [3, 3, 1], "uv": [76, 119], "mirror": true}
					]
				},
				{
					"name": "neck",
					"parent": "chest2",
					"pivot": [0, 15.75, -9],
					"cubes": [
						{"origin": [-5, 11, -17], "size": [10, 9, 9], "uv": [84, 0]}
					]
				},
				{
					"name": "head",
					"parent": "neck",
					"pivot": [0, 15.75, -13.5]
				},
				{
					"name": "head_correction",
					"parent": "head",
					"pivot": [0, 15.75, -13.5],
					"rotation": [37.5, 0, 0]
				},
				{
					"name": "head_ai",
					"parent": "head_correction",
					"pivot": [0, 15.75, -13.5]
				},
				{
					"name": "head_angle",
					"parent": "head_ai",
					"pivot": [0, 15.75, -13.5],
					"rotation": [-75, 0, 0],
					"cubes": [
						{"origin": [-7.5, 5, -22], "size": [15, 16, 6], "inflate": 0.01, "uv": [0, 0]},
						{"origin": [-7.5, 12, -16], "size": [15, 9, 4], "inflate": 0.01, "uv": [0, 22]},
						{"origin": [-7.5, 4.99, -16], "size": [15, 0, 2], "inflate": 0.01, "uv": [40, 11]},
						{"origin": [7.5, 4.99, -16], "size": [0, 3, 2], "inflate": 0.01, "uv": [42, -1]},
						{"origin": [-7.5, 4.99, -16], "size": [0, 3, 2], "inflate": 0.01, "uv": [76, -1], "mirror": true}
					]
				},
				{
					"name": "eyes",
					"parent": "head_angle",
					"pivot": [0, 4.98, -18.5]
				},
				{
					"name": "eye_left",
					"parent": "eyes",
					"pivot": [4.25, 4.98, -18.5],
					"cubes": [
						{"origin": [2.75, 4.98, -20], "size": [3, 0, 3], "uv": [-3, 0]}
					]
				},
				{
					"name": "eye_angry_left",
					"parent": "eye_left",
					"pivot": [4.75, 5.07, -19.5],
					"cubes": [
						{"origin": [3.75, 5.07, -20], "size": [2, 0, 1], "inflate": 0.01, "uv": [35, 0]},
						{"origin": [2.75, 5.07, -19.5], "size": [1, 0, 1], "inflate": 0.01, "uv": [37, 2]}
					]
				},
				{
					"name": "eye_sad_left",
					"parent": "eye_left",
					"pivot": [4.75, 5.07, -19.5],
					"cubes": [
						{"origin": [3.75, 5.07, -20.5], "size": [1, 0, 1], "inflate": 0.01, "uv": [71, 11]},
						{"origin": [4.75, 5.06, -20], "size": [1, 0, 1], "inflate": 0.01, "uv": [71, 12]}
					]
				},
				{
					"name": "pupil_left",
					"parent": "eye_left",
					"pivot": [3.75, 4.97, -18.5],
					"cubes": [
						{"origin": [3.25, 4.97, -19.5], "size": [1, 0, 2], "uv": [34, 2]}
					]
				},
				{
					"name": "eyelid_left",
					"parent": "eye_left",
					"pivot": [4.25, 5.57, -18.5],
					"cubes": [
						{"origin": [2.75, 5.07, -20], "size": [3, 1, 3], "inflate": 0.01, "uv": [66, 14]}
					]
				},
				{
					"name": "eyelid_happy_left",
					"parent": "eye_left",
					"pivot": [4.25, 5.57, -18.5],
					"cubes": [
						{"origin": [2.75, 5.07, -20], "size": [3, 1, 3], "inflate": 0.01, "uv": [81, 0]}
					]
				},
				{
					"name": "eyelid_recoil_left",
					"parent": "eye_left",
					"pivot": [4.25, 5.57, -18.5],
					"cubes": [
						{"origin": [2.75, 5.07, -20], "size": [3, 1, 3], "inflate": 0.01, "uv": [113, 4]}
					]
				},
				{
					"name": "eye_right",
					"parent": "eyes",
					"pivot": [-4.25, 4.98, -18.5],
					"cubes": [
						{"origin": [-5.75, 4.98, -20], "size": [3, 0, 3], "uv": [-3, 3], "mirror": true}
					]
				},
				{
					"name": "eye_angry_right",
					"parent": "eye_right",
					"pivot": [-4.75, 5.07, -19.5],
					"cubes": [
						{"origin": [-5.75, 5.07, -20], "size": [2, 0, 1], "inflate": 0.01, "uv": [35, 1], "mirror": true},
						{"origin": [-3.75, 5.07, -19.5], "size": [1, 0, 1], "inflate": 0.01, "uv": [37, 3], "mirror": true}
					]
				},
				{
					"name": "eye_sad_right",
					"parent": "eye_right",
					"pivot": [-4.75, 5.07, -19.5],
					"cubes": [
						{"origin": [-4.75, 5.07, -20.5], "size": [1, 0, 1], "inflate": 0.01, "uv": [73, 11], "mirror": true},
						{"origin": [-5.75, 5.06, -20], "size": [1, 0, 1], "inflate": 0.01, "uv": [73, 12], "mirror": true}
					]
				},
				{
					"name": "pupil_right",
					"parent": "eye_right",
					"pivot": [-3.75, 4.97, -18.5],
					"cubes": [
						{"origin": [-4.25, 4.97, -19.5], "size": [1, 0, 2], "uv": [34, 4], "mirror": true}
					]
				},
				{
					"name": "eyelid_right",
					"parent": "eye_right",
					"pivot": [-4.25, 5.57, -18.5],
					"cubes": [
						{"origin": [-5.75, 5.07, -20], "size": [3, 1, 3], "inflate": 0.01, "uv": [53, 33], "mirror": true}
					]
				},
				{
					"name": "eyelid_happy_right",
					"parent": "eye_right",
					"pivot": [-4.25, 5.57, -18.5],
					"cubes": [
						{"origin": [-5.75, 5.07, -20], "size": [3, 1, 3], "inflate": 0.01, "uv": [113, 0], "mirror": true}
					]
				},
				{
					"name": "eyelid_recoil_right",
					"parent": "eye_right",
					"pivot": [-4.25, 5.57, -18.5],
					"cubes": [
						{"origin": [-5.75, 5.07, -20], "size": [3, 1, 3], "inflate": 0.01, "uv": [125, 0], "mirror": true}
					]
				},
				{
					"name": "jaw",
					"parent": "head_angle",
					"pivot": [0, 12, -16],
					"cubes": [
						{"origin": [-7.5, 5, -16], "size": [15, 7, 4], "uv": [42, 0]}
					]
				},
				{
					"name": "checks",
					"parent": "head_angle",
					"pivot": [0, 12.75, -17]
				},
				{
					"name": "check_left",
					"parent": "checks",
					"pivot": [7.51, 12.75, -17.5],
					"cubes": [
						{"origin": [7.51, 8.25, -20], "size": [0, 9, 6], "inflate": 0.01, "uv": [42, 7]}
					]
				},
				{
					"name": "check_left_spike_front",
					"parent": "check_left",
					"pivot": [7.51, 12, -17],
					"rotation": [0, 0, 15],
					"cubes": [
						{"origin": [7.51, 10, -18], "size": [4, 2, 2], "uv": [34, 22]},
						{"origin": [11.51, 10.5, -17.5], "size": [3, 1, 1], "uv": [56, 22]}
					]
				},
				{
					"name": "check_left_spike_middle",
					"parent": "check_left",
					"pivot": [7.01, 12.75, -17],
					"cubes": [
						{"origin": [7.51, 12.25, -17.5], "size": [2, 1, 1], "uv": [48, 30]}
					]
				},
				{
					"name": "check_left_spike_back",
					"parent": "check_left",
					"pivot": [7.51, 13.5, -17],
					"rotation": [0, 0, -15],
					"cubes": [
						{"origin": [7.51, 13.5, -18], "size": [4, 2, 2], "uv": [38, 26]},
						{"origin": [11.51, 14, -17.5], "size": [3, 1, 1], "uv": [48, 26]}
					]
				},
				{
					"name": "check_right",
					"parent": "checks",
					"pivot": [-7.51, 12.75, -17.5],
					"cubes": [
						{"origin": [-7.51, 8.25, -20], "size": [0, 9, 6], "inflate": 0.01, "uv": [54, 7], "mirror": true}
					]
				},
				{
					"name": "check_right_spike_front",
					"parent": "check_right",
					"pivot": [-7.51, 12, -17],
					"rotation": [0, 0, -15],
					"cubes": [
						{"origin": [-11.51, 10, -18], "size": [4, 2, 2], "uv": [46, 22], "mirror": true},
						{"origin": [-14.51, 10.5, -17.5], "size": [3, 1, 1], "uv": [58, 24], "mirror": true}
					]
				},
				{
					"name": "check_right_spike_middle",
					"parent": "check_right",
					"pivot": [-7.01, 12.75, -17],
					"cubes": [
						{"origin": [-9.51, 12.25, -17.5], "size": [2, 1, 1], "uv": [50, 32], "mirror": true}
					]
				},
				{
					"name": "check_right_spike_back",
					"parent": "check_right",
					"pivot": [-7.51, 13.5, -17],
					"rotation": [0, 0, 15],
					"cubes": [
						{"origin": [-11.51, 13.5, -18], "size": [4, 2, 2], "uv": [38, 30], "mirror": true},
						{"origin": [-14.51, 14, -17.5], "size": [3, 1, 1], "uv": [50, 28], "mirror": true}
					]
				},
				{
					"name": "eyebrow_left",
					"parent": "head_angle",
					"pivot": [4.5, 5.5, -22],
					"rotation": [-32.5, -2.5, 5],
					"cubes": [
						{"origin": [3.5, 5.5, -35.5], "size": [2, 12, 14], "uv": [66, 4]},
						{"origin": [3.5, 6.5, -38.5], "size": [2, 10, 3], "uv": [98, 19]}
					]
				},
				{
					"name": "eyebrow_right",
					"parent": "head_angle",
					"pivot": [-4.5, 5.5, -22],
					"rotation": [-32.5, 2.5, -5],
					"cubes": [
						{"origin": [-5.5, 5.5, -35.5], "size": [2, 12, 14], "uv": [94, 18], "mirror": true},
						{"origin": [-5.5, 6.5, -38.5], "size": [2, 10, 3], "uv": [112, 19], "mirror": true}
					]
				},
				{
					"name": "tail_base",
					"parent": "torso",
					"pivot": [0, 14, 14.5],
					"cubes": [
						{"origin": [-6.5, 7.5, 14.5], "size": [13, 12, 5], "inflate": 0.01, "uv": [90, 44]}
					]
				},
				{
					"name": "tail",
					"parent": "tail_base",
					"pivot": [0, 21, 5.5],
					"rotation": [-7.5, 0, 0],
					"cubes": [
						{"origin": [0, 3.5, 5.5], "size": [0, 35, 22], "uv": [135, 71]},
						{"origin": [0, 19.5, 3.5], "size": [0, 3, 2], "uv": [131, 102]}
					]
				},
				{
					"name": "tail_base2",
					"parent": "tail_base",
					"pivot": [0, 19.5, 19],
					"rotation": [30, 0, 0],
					"cubes": [
						{"origin": [-3.5, 19, 12], "size": [7, 6, 7], "inflate": 0.01, "uv": [17, 56]}
					]
				},
				{
					"name": "legs",
					"parent": "body",
					"pivot": [0, 13, 9.5]
				},
				{
					"name": "leg_left",
					"parent": "legs",
					"pivot": [8, 17, 9.5],
					"rotation": [0, 0, -20],
					"cubes": [
						{"origin": [0, 14, 3.75], "size": [8, 4, 11], "uv": [0, 82]}
					]
				},
				{
					"name": "leg_left2",
					"parent": "leg_left",
					"pivot": [8, 14, 3.75],
					"cubes": [
						{"origin": [-0.75, 5, 3], "size": [9, 9, 12], "uv": [0, 97]},
						{"origin": [7.75, 4, 8.25], "size": [1, 8, 5], "pivot": [7.75, 11, 9.25], "rotation": [2.5, 0, 2.5], "uv": [89, 114]}
					]
				},
				{
					"name": "leg_left3",
					"parent": "leg_left2",
					"pivot": [3.5, 5, 3.5],
					"rotation": [27.5, 0, 0],
					"cubes": [
						{"origin": [-0.5, -3.5, 3.5], "size": [8, 9, 10], "uv": [32, 109]}
					]
				},
				{
					"name": "foot_left",
					"parent": "leg_left3",
					"pivot": [3.5, -2, 8.5],
					"cubes": [
						{"origin": [-1, -6.5, 3.5], "size": [9, 5, 10], "inflate": 0.01, "uv": [30, 93]}
					]
				},
				{
					"name": "foot_left2",
					"parent": "foot_left",
					"pivot": [3.5, -6.5, 3.75],
					"cubes": [
						{"origin": [-1, -6.5, -1.25], "size": [9, 3, 5], "uv": [95, 81]}
					]
				},
				{
					"name": "leg_right",
					"parent": "legs",
					"pivot": [-8, 17, 9.5],
					"rotation": [0, 0, 20],
					"cubes": [
						{"origin": [-8, 14, 3.75], "size": [8, 4, 11], "uv": [27, 78], "mirror": true}
					]
				},
				{
					"name": "leg_right2",
					"parent": "leg_right",
					"pivot": [-8, 14, 3.75],
					"cubes": [
						{"origin": [-8.25, 5, 3], "size": [9, 9, 12], "uv": [65, 77], "mirror": true},
						{"origin": [-8.75, 4, 8.25], "size": [1, 8, 5], "pivot": [-7.75, 11, 9.25], "rotation": [2.5, 0, -2.5], "uv": [101, 112], "mirror": true}
					]
				},
				{
					"name": "leg_right3",
					"parent": "leg_right2",
					"pivot": [-3.5, 5, 3.5],
					"rotation": [27.5, 0, 0],
					"cubes": [
						{"origin": [-7.5, -3.5, 3.5], "size": [8, 9, 10], "uv": [58, 100], "mirror": true}
					]
				},
				{
					"name": "foot_right",
					"parent": "leg_right3",
					"pivot": [-3.5, -2, 8.5],
					"cubes": [
						{"origin": [-8, -6.5, 3.5], "size": [9, 5, 10], "inflate": 0.01, "uv": [97, 89], "mirror": true}
					]
				},
				{
					"name": "foot_right2",
					"parent": "foot_right",
					"pivot": [-3.5, -6.5, 3.5],
					"cubes": [
						{"origin": [-8, -6.5, -1.5], "size": [9, 3, 5], "uv": [94, 104], "mirror": true}
					]
				}
			]
		}
	]
}