{
  "species": "cobblemon:garchomp",
  "order": 0,
  "variations": [
    {
      "aspects": [],
      "poser": "cobblemon:garchomp",
      "model": "cobblemon:garchomp_male.geo",
      "texture": "cobblemon:textures/pokemon/0445_garchomp/garchomp.png",
      "layers": []
    },
    {
      "aspects": ["shiny"],
      "texture": "cobblemon:textures/pokemon/0445_garchomp/garchomp_shiny.png"
    },
    {
      "aspects": ["mega"],
      "model": "cobblemon:garchomp_mega.geo",
      "texture": "cobblemon:textures/pokemon/0445_garchomp/garchomp_mega.png"
    },
    {
      "aspects": ["shiny", "mega"],
      "model": "cobblemon:garchomp_mega.geo",
      "texture": "cobblemon:textures/pokemon/0445_garchomp/garchomp_mega_shiny.png"
    }
  ]
}
