{
  "type": "minecraft:chest",
  "pools": [
    {
      "rolls": {
        "type": "minecraft:uniform",
        "min": 3,
        "max": 15
      },
      "entries": [
        {
          "type": "minecraft:item",
          "name": "minecraft:copper_ingot",
          "weight": 6
        },
        {
          "type": "minecraft:item",
          "name": "cobblemon:poke_ball",
          "weight": 4
        },
        {
          "type": "minecraft:item",
          "name": "cobblemon:great_ball",
          "weight": 2
        },
        {
          "type": "minecraft:item",
          "name": "cobblemon:exp_candy_xs",
          "weight": 1
        },
        {
          "type": "minecraft:item",
          "name": "minecraft:emerald",
          "weight": 1
        },
        {
          "type": "minecraft:item",
          "name": "minecraft:bread",
          "weight": 4
        },
        {
          "type": "minecraft:item",
          "name": "minecraft:gold_ingot",
          "weight": 3
        }
      ]
    },
    {
      "rolls": {
        "min": 1,
        "max": 1
      },
      "entries": [
        {
          "type": "minecraft:item",
          "name": "minecraft:carved_pumpkin",
          "weight": 2,
          "functions": [
            {
              "function": "minecraft:set_nbt",
              "tag": "{\"CustomModelData\":1}"
            },
            {
              "function": "minecraft:set_name",
              "name": "Iono Headband"
            }
          ]
        },
        {
          "type": "minecraft:item",
          "name": "minecraft:carved_pumpkin",
          "weight": 2,
          "functions": [
            {
              "function": "minecraft:set_nbt",
              "tag": "{\"CustomModelData\":2}"
            },
            {
              "function": "minecraft:set_name",
              "name": "Applin Farmer Hat"
            }
          ]
        },       
		{
          "type": "minecraft:item",
          "name": "minecraft:bowl",
          "weight": 2,
          "functions": [
            {
              "function": "minecraft:set_nbt",
              "tag": "{\"CustomModelData\":2}"
            },
            {
              "function": "minecraft:set_name",
              "name": "Mimikyu Plushie"
            }
          ]
        },
		{
          "type": "minecraft:item",
          "name": "minecraft:bowl",
          "weight": 1,
          "functions": [
            {
              "function": "minecraft:set_nbt",
              "tag": "{\"CustomModelData\":3}"
            },
            {
              "function": "minecraft:set_name",
              "name": "G-Max Pikachu Plushie"
            }
          ]
        },
		{
          "type": "minecraft:item",
          "name": "minecraft:bowl",
          "weight": 1,
          "functions": [
            {
              "function": "minecraft:set_nbt",
              "tag": "{\"CustomModelData\":1}"
            },
            {
              "function": "minecraft:set_name",
              "name": "Iono Plushie"
            }
          ]
        }
      ]
    }
  ]
}
