{
	"format_version": "1.12.0",
	"minecraft:geometry": [
		{
			"description": {
				"identifier": "geometry.salamence",
				"texture_width": 256,
				"texture_height": 256,
				"visible_bounds_width": 14,
				"visible_bounds_height": 5.5,
				"visible_bounds_offset": [0, 2.25, 0]
			},
			"bones": [
				{
					"name": "salamence",
					"pivot": [0, 0, 0]
				},
				{
					"name": "body",
					"parent": "salamence",
					"pivot": [0, 16.5, 0]
				},
				{
					"name": "torso",
					"parent": "body",
					"pivot": [0, 12, 15],
					"rotation": [-5, 0, 0],
					"cubes": [
						{"origin": [-11, 4, 7.5], "size": [22, 16, 9], "uv": [110, 28]}
					]
				},
				{
					"name": "waist",
					"parent": "torso",
					"pivot": [0, 11.5, 9.5],
					"cubes": [
						{"origin": [-12.5, 2, -13.5], "size": [25, 20, 23], "uv": [0, 49]}
					]
				},
				{
					"name": "wings",
					"parent": "waist",
					"pivot": [0, 22, -4.5]
				},
				{
					"name": "wing_left",
					"parent": "wings",
					"pivot": [2.5, 22, 1],
					"rotation": [5, 0, 0]
				},
				{
					"name": "wing_left_rotation",
					"parent": "wing_left",
					"pivot": [2.5, 22, -9],
					"cubes": [
						{"origin": [2.5, 22, -8], "size": [0, 7, 9], "uv": [236, 43]}
					]
				},
				{
					"name": "wing_left2",
					"parent": "wing_left_rotation",
					"pivot": [2.5, 29, -3.5],
					"cubes": [
						{"origin": [2.5, 29, -15], "size": [0, 11, 22], "uv": [202, 63]}
					]
				},
				{
					"name": "wing_left3",
					"parent": "wing_left2",
					"pivot": [2.5, 40, -4],
					"cubes": [
						{"origin": [2.5, 40, -16], "size": [0, 26, 24], "uv": [114, 88]}
					]
				},
				{
					"name": "wing_left_front",
					"parent": "wing_left3",
					"pivot": [2.5, 66, -16],
					"cubes": [
						{"origin": [2.5, 40, -38], "size": [0, 26, 22], "uv": [70, 86]}
					]
				},
				{
					"name": "wing_left_back",
					"parent": "wing_left3",
					"pivot": [2.5, 66, 8],
					"cubes": [
						{"origin": [2.5, 40, 8], "size": [0, 26, 22], "uv": [162, 96]}
					]
				},
				{
					"name": "wing_right",
					"parent": "wings",
					"pivot": [-2.5, 22, 1],
					"rotation": [5, 0, 0]
				},
				{
					"name": "wing_right_rotation",
					"parent": "wing_right",
					"pivot": [-2.5, 22, -9],
					"cubes": [
						{"origin": [-2.5, 22, -8], "size": [0, 7, 9], "uv": [230, 59], "mirror": true}
					]
				},
				{
					"name": "wing_right2",
					"parent": "wing_right_rotation",
					"pivot": [-2.5, 29, -3.5],
					"cubes": [
						{"origin": [-2.5, 29, -15], "size": [0, 11, 22], "uv": [187, 75], "mirror": true}
					]
				},
				{
					"name": "wing_right3",
					"parent": "wing_right2",
					"pivot": [-2.5, 40, -4],
					"cubes": [
						{"origin": [-2.5, 40, -16], "size": [0, 26, 24], "uv": [114, 114], "mirror": true}
					]
				},
				{
					"name": "wing_right_front",
					"parent": "wing_right3",
					"pivot": [-2.5, 66, -16],
					"cubes": [
						{"origin": [-2.5, 40, -38], "size": [0, 26, 22], "uv": [70, 112], "mirror": true}
					]
				},
				{
					"name": "wing_right_back",
					"parent": "wing_right3",
					"pivot": [-2.5, 66, 8],
					"cubes": [
						{"origin": [-2.5, 40, 8], "size": [0, 26, 22], "uv": [162, 122], "mirror": true}
					]
				},
				{
					"name": "chest",
					"parent": "waist",
					"pivot": [0, 12, -13.5],
					"cubes": [
						{"origin": [-11, 4, -22.5], "size": [22, 17, 11], "uv": [135, 0]}
					]
				},
				{
					"name": "neck",
					"parent": "chest",
					"pivot": [0, 19, -19.5],
					"rotation": [-34, 0, 0],
					"cubes": [
						{"origin": [-5, 13.5, -24.5], "size": [10, 10, 11], "inflate": 0.01, "uv": [68, 28]}
					]
				},
				{
					"name": "neck2",
					"parent": "neck",
					"pivot": [0, 18.75, -24.5],
					"cubes": [
						{"origin": [-4.5, 14.25, -31.5], "size": [9, 9, 8], "inflate": 0.01, "uv": [34, 31]},
						{"origin": [-3, 14.25, -31.5], "size": [6, 1, 8], "inflate": 0.02, "uv": [73, 49]}
					]
				},
				{
					"name": "neck3",
					"parent": "neck2",
					"pivot": [0, 19, -32],
					"cubes": [
						{"origin": [-4, 14.75, -39], "size": [8, 8, 9], "inflate": 0.01, "uv": [0, 31]}
					]
				},
				{
					"name": "head",
					"parent": "neck3",
					"pivot": [0, 18.75, -39],
					"rotation": [42.5, 0, 0]
				},
				{
					"name": "head_ai",
					"parent": "head",
					"pivot": [0, 33.75, -39]
				},
				{
					"name": "head_rotation",
					"parent": "head_ai",
					"pivot": [0, 20.25, -39],
					"cubes": [
						{"origin": [-6, 13.25, -45.5], "size": [12, 10, 10], "inflate": 0.01, "uv": [0, 0]}
					]
				},
				{
					"name": "eyebrow_left",
					"parent": "head_rotation",
					"pivot": [4.25, 23, -41.65],
					"rotation": [0, 0, 7.5],
					"cubes": [
						{"origin": [2.5, 21.5, -46.65], "size": [4, 2, 9], "inflate": 0.07, "uv": [0, 20]}
					]
				},
				{
					"name": "eyebrow_left2",
					"parent": "eyebrow_left",
					"pivot": [6.4, 23.5, -46.65],
					"rotation": [20.5, 5, 0],
					"cubes": [
						{"origin": [3.4, 21.5, -52.65], "size": [3, 2, 6], "inflate": 0.05, "uv": [17, 21]}
					]
				},
				{
					"name": "eyebrow_right",
					"parent": "head_rotation",
					"pivot": [-4.25, 23, -41.65],
					"rotation": [0, 0, -7.5],
					"cubes": [
						{"origin": [-6.5, 21.5, -46.65], "size": [4, 2, 9], "inflate": 0.07, "uv": [26, 20], "mirror": true}
					]
				},
				{
					"name": "eyebrow_right2",
					"parent": "eyebrow_right",
					"pivot": [-6.4, 23.5, -46.65],
					"rotation": [20.5, -5, 0],
					"cubes": [
						{"origin": [-6.4, 21.5, -52.65], "size": [3, 2, 6], "inflate": 0.05, "uv": [43, 21], "mirror": true}
					]
				},
				{
					"name": "ear_left",
					"parent": "head_rotation",
					"pivot": [6, 20.25, -40.5]
				},
				{
					"name": "ear_left1",
					"parent": "ear_left",
					"pivot": [6, 20.5, -45],
					"rotation": [0, -12.5, -47.5],
					"cubes": [
						{"origin": [6, 20.5, -45], "size": [13, 0, 7], "uv": [87, 0]}
					]
				},
				{
					"name": "ear_left2",
					"parent": "ear_left",
					"pivot": [6, 19.5, -45],
					"rotation": [5, -17.5, 0],
					"cubes": [
						{"origin": [6, 19.5, -45], "size": [14, 0, 7], "uv": [92, 7]}
					]
				},
				{
					"name": "ear_left3",
					"parent": "ear_left",
					"pivot": [6, 18.5, -45],
					"rotation": [5, -10, 45],
					"cubes": [
						{"origin": [6, 18.5, -45], "size": [11, 0, 7], "uv": [54, 21]}
					]
				},
				{
					"name": "ear_right",
					"parent": "head_rotation",
					"pivot": [-6, 20.25, -40.5]
				},
				{
					"name": "ear_right1",
					"parent": "ear_right",
					"pivot": [-6, 20.5, -45],
					"rotation": [0, 12.5, 47.5],
					"cubes": [
						{"origin": [-19, 20.5, -45], "size": [13, 0, 7], "uv": [113, 0], "mirror": true}
					]
				},
				{
					"name": "ear_right2",
					"parent": "ear_right",
					"pivot": [-6, 19.5, -45],
					"rotation": [5, 17.5, 0],
					"cubes": [
						{"origin": [-20, 19.5, -45], "size": [14, 0, 7], "uv": [98, 14], "mirror": true}
					]
				},
				{
					"name": "ear_right3",
					"parent": "ear_right",
					"pivot": [-6, 18.5, -45],
					"rotation": [5, 10, -45],
					"cubes": [
						{"origin": [-17, 18.5, -45], "size": [11, 0, 7], "uv": [76, 19], "mirror": true}
					]
				},
				{
					"name": "muzzle",
					"parent": "head_rotation",
					"pivot": [0, 22.25, -45.5],
					"rotation": [5, 0, 0],
					"cubes": [
						{"origin": [-5.5, 17.25, -51.5], "size": [11, 5, 6], "inflate": 0.01, "uv": [60, 0]}
					]
				},
				{
					"name": "eyes",
					"parent": "muzzle",
					"pivot": [0, 18.25, -50]
				},
				{
					"name": "eye_left",
					"parent": "eyes",
					"pivot": [5.52, 19, -50.4],
					"cubes": [
						{"origin": [5.52, 19, -51.05], "size": [0, 3, 5], "uv": [0, -5]}
					]
				},
				{
					"name": "pupil_left",
					"parent": "eye_left",
					"pivot": [5.53, 20, -49.3],
					"cubes": [
						{"origin": [5.53, 19, -49.8], "size": [0, 3, 1], "uv": [0, 5]}
					]
				},
				{
					"name": "eyelid_left",
					"parent": "eye_left",
					"pivot": [4.93, 20.5, -48.55],
					"cubes": [
						{"origin": [4.43, 19, -51.05], "size": [1, 3, 5], "inflate": 0.01, "uv": [0, 48]}
					]
				},
				{
					"name": "eye_right",
					"parent": "eyes",
					"pivot": [-5.52, 19, -50.4],
					"cubes": [
						{"origin": [-5.52, 19, -51.05], "size": [0, 3, 5], "uv": [0, -2], "mirror": true}
					]
				},
				{
					"name": "pupil_right",
					"parent": "eye_right",
					"pivot": [-5.53, 20, -49.3],
					"cubes": [
						{"origin": [-5.53, 19, -49.8], "size": [0, 3, 1], "uv": [2, 5], "mirror": true}
					]
				},
				{
					"name": "eyelid_right",
					"parent": "eye_right",
					"pivot": [-4.93, 20.5, -48.55],
					"cubes": [
						{"origin": [-5.43, 19, -51.05], "size": [1, 3, 5], "inflate": 0.01, "uv": [0, 56], "mirror": true}
					]
				},
				{
					"name": "muzzle2",
					"parent": "muzzle",
					"pivot": [0, 20.25, -51.5],
					"cubes": [
						{"origin": [-4, 17.25, -56.5], "size": [8, 4, 5], "inflate": 0.01, "uv": [34, 1]}
					]
				},
				{
					"name": "tooth_muzzle_left",
					"parent": "muzzle2",
					"pivot": [3.25, 17.25, -54.5],
					"rotation": [0, 22.5, 0],
					"cubes": [
						{"origin": [3.25, 16.25, -55.5], "size": [0, 2, 2], "pivot": [3.25, 17.25, -54.5], "rotation": [-45, 0, 0], "uv": [35, 0]}
					]
				},
				{
					"name": "tooth_muzzle_right",
					"parent": "muzzle2",
					"pivot": [-3.25, 17.25, -54.5],
					"rotation": [0, -22.5, 0],
					"cubes": [
						{"origin": [-3.25, 16.25, -55.5], "size": [0, 2, 2], "pivot": [-3.25, 17.25, -54.5], "rotation": [-45, 0, 0], "uv": [35, 2], "mirror": true}
					]
				},
				{
					"name": "jaw",
					"parent": "head_rotation",
					"pivot": [0, 17.25, -45.5],
					"cubes": [
						{"origin": [-5.5, 13.25, -51], "size": [11, 4, 6], "uv": [44, 11]}
					]
				},
				{
					"name": "jaw2",
					"parent": "jaw",
					"pivot": [0, 14.25, -51],
					"cubes": [
						{"origin": [-4, 14.25, -56], "size": [8, 3, 5], "uv": [78, 11]}
					]
				},
				{
					"name": "tooth_jaw_left",
					"parent": "jaw2",
					"pivot": [3.35, 17.25, -53.75],
					"rotation": [0, 22.5, 0],
					"cubes": [
						{"origin": [3.35, 16.25, -54.75], "size": [0, 2, 2], "pivot": [3.35, 17.25, -53.75], "rotation": [-45, 0, 0], "uv": [55, 0]}
					]
				},
				{
					"name": "tooth_jaw_right",
					"parent": "jaw2",
					"pivot": [-3.35, 17.25, -53.75],
					"rotation": [0, -22.5, 0],
					"cubes": [
						{"origin": [-3.35, 16.25, -54.75], "size": [0, 2, 2], "pivot": [-3.35, 17.25, -53.75], "rotation": [-45, 0, 0], "uv": [55, 2], "mirror": true}
					]
				},
				{
					"name": "tail",
					"parent": "torso",
					"pivot": [0, 12, 16.5],
					"cubes": [
						{"origin": [-5.5, 6.5, 13.5], "size": [11, 11, 13], "inflate": 0.02, "uv": [201, 0]}
					]
				},
				{
					"name": "tail2",
					"parent": "tail",
					"pivot": [0, 12, 26.5],
					"cubes": [
						{"origin": [-5, 6.5, 24], "size": [10, 11, 13], "inflate": 0.01, "uv": [172, 34]}
					]
				},
				{
					"name": "tail3",
					"parent": "tail2",
					"pivot": [0, 12, 37],
					"cubes": [
						{"origin": [-5, 7, 34.5], "size": [10, 10, 13], "uv": [205, 24]}
					]
				},
				{
					"name": "tail4",
					"parent": "tail3",
					"pivot": [0, 12, 47.5],
					"cubes": [
						{"origin": [-4.5, 7.5, 45.5], "size": [9, 9, 12], "inflate": 0.01, "uv": [206, 47]}
					]
				},
				{
					"name": "tail5",
					"parent": "tail4",
					"pivot": [0, 12, 57.5],
					"cubes": [
						{"origin": [-4, 8, 56.5], "size": [8, 8, 12], "uv": [178, 58]}
					]
				},
				{
					"name": "tail6",
					"parent": "tail5",
					"pivot": [0, 12, 68.5],
					"cubes": [
						{"origin": [-3.5, 8.5, 67.5], "size": [7, 7, 12], "inflate": 0.01, "uv": [115, 53]}
					]
				},
				{
					"name": "tail7",
					"parent": "tail6",
					"pivot": [0, 12, 79.5],
					"cubes": [
						{"origin": [-3, 9, 78.5], "size": [6, 6, 11], "uv": [207, 68]}
					]
				},
				{
					"name": "tail8",
					"parent": "tail7",
					"pivot": [0, 12, 89.5],
					"cubes": [
						{"origin": [-2, 10, 88.5], "size": [4, 4, 11], "inflate": 0.01, "uv": [153, 53]}
					]
				},
				{
					"name": "legs",
					"parent": "body",
					"pivot": [0, 19.25, 0]
				},
				{
					"name": "leg_front_left",
					"parent": "legs",
					"pivot": [12.5, 19.5, -11],
					"rotation": [0, 0, -40]
				},
				{
					"name": "leg_front_left_rotation",
					"parent": "leg_front_left",
					"pivot": [11.5, 19.5, -11],
					"cubes": [
						{"origin": [4, 9.5, -15.5], "size": [9, 11, 9], "inflate": 0.01, "uv": [0, 92]}
					]
				},
				{
					"name": "leg_front_left2",
					"parent": "leg_front_left_rotation",
					"pivot": [11, 9.5, -15.5],
					"cubes": [
						{"origin": [4.5, -0.5, -15.5], "size": [8, 10, 9], "uv": [36, 92]}
					]
				},
				{
					"name": "foot_front_left",
					"parent": "leg_front_left2",
					"pivot": [8.5, 0.5, -11],
					"cubes": [
						{"origin": [4.5, -2.5, -15.5], "size": [8, 3, 9], "inflate": 0.02, "uv": [81, 60]}
					]
				},
				{
					"name": "toes_front_left",
					"parent": "foot_front_left",
					"pivot": [8.5, 0.5, -15.5]
				},
				{
					"name": "toe_inner_front_left",
					"parent": "toes_front_left",
					"pivot": [7.25, -0.5, -15.5],
					"rotation": [0, 12.5, 0],
					"cubes": [
						{"origin": [5.25, -2.5, -17.5], "size": [2, 2, 2], "inflate": 0.01, "uv": [1, 93]},
						{"origin": [5.75, -2.5, -19.25], "size": [1, 2, 2], "uv": [35, 92]}
					]
				},
				{
					"name": "toe_middle_front_left",
					"parent": "toes_front_left",
					"pivot": [8.5, -0.5, -15.5],
					"cubes": [
						{"origin": [7.5, -2.5, -17.5], "size": [2, 2, 2], "inflate": 0.01, "uv": [27, 93]},
						{"origin": [8, -2.5, -19.25], "size": [1, 2, 2], "uv": [27, 112]}
					]
				},
				{
					"name": "toe_outer_front_left",
					"parent": "toes_front_left",
					"pivot": [9.75, -0.5, -15.5],
					"rotation": [0, -12.5, 0],
					"cubes": [
						{"origin": [9.75, -2.5, -17.5], "size": [2, 2, 2], "inflate": 0.01, "uv": [1, 113]},
						{"origin": [10.25, -2.5, -19.25], "size": [1, 2, 2], "uv": [33, 112]}
					]
				},
				{
					"name": "leg_back_left",
					"parent": "legs",
					"pivot": [13, 15.75, 10.5],
					"rotation": [0, 0, -47.5]
				},
				{
					"name": "leg_back_left_rotation",
					"parent": "leg_back_left",
					"pivot": [13, 16.75, 10.5],
					"cubes": [
						{"origin": [6, 9.25, 5], "size": [9, 10, 10], "inflate": 0.01, "uv": [130, 72]}
					]
				},
				{
					"name": "leg_back_left2",
					"parent": "leg_back_left_rotation",
					"pivot": [13, 9.25, 5.5],
					"cubes": [
						{"origin": [6.5, -0.75, 5.5], "size": [8, 10, 9], "uv": [168, 78]}
					]
				},
				{
					"name": "foot_back_left",
					"parent": "leg_back_left2",
					"pivot": [10.5, 0.25, 10],
					"cubes": [
						{"origin": [6.5, -2.75, 5.5], "size": [8, 3, 9], "inflate": 0.02, "uv": [87, 84]}
					]
				},
				{
					"name": "toes_back_left",
					"parent": "foot_back_left",
					"pivot": [10.5, -0.75, 5.5]
				},
				{
					"name": "toe_inner_back_left",
					"parent": "toes_back_left",
					"pivot": [9.25, -0.75, 5.5],
					"rotation": [0, 12.5, 0],
					"cubes": [
						{"origin": [7.25, -2.75, 3.5], "size": [2, 2, 2], "inflate": 0.01, "uv": [132, 74]},
						{"origin": [7.75, -2.75, 2], "size": [1, 2, 2], "uv": [165, 70]}
					]
				},
				{
					"name": "toe_middle_back_left",
					"parent": "toes_back_left",
					"pivot": [10.5, -0.75, 5.5],
					"cubes": [
						{"origin": [9.5, -2.75, 3.5], "size": [2, 2, 2], "inflate": 0.01, "uv": [158, 74]},
						{"origin": [10, -2.75, 1.5], "size": [1, 2, 2], "uv": [149, 94]}
					]
				},
				{
					"name": "toe_outer_back_left",
					"parent": "toes_back_left",
					"pivot": [11.75, -0.75, 5.5],
					"rotation": [0, -12.5, 0],
					"cubes": [
						{"origin": [11.75, -2.75, 3.5], "size": [2, 2, 2], "inflate": 0.01, "uv": [123, 94]},
						{"origin": [12.25, -2.75, 2], "size": [1, 2, 2], "uv": [153, 92]}
					]
				},
				{
					"name": "leg_front_right",
					"parent": "legs",
					"pivot": [-12.5, 19.5, -11],
					"rotation": [0, 0, 40]
				},
				{
					"name": "leg_front_right_rotation",
					"parent": "leg_front_right",
					"pivot": [-11.5, 19.5, -11],
					"cubes": [
						{"origin": [-13, 9.5, -15.5], "size": [9, 11, 9], "inflate": 0.01, "uv": [0, 112], "mirror": true}
					]
				},
				{
					"name": "leg_front_right2",
					"parent": "leg_front_right_rotation",
					"pivot": [-11, 9.5, -15.5],
					"cubes": [
						{"origin": [-12.5, -0.5, -15.5], "size": [8, 10, 9], "uv": [36, 111], "mirror": true}
					]
				},
				{
					"name": "foot_front_right",
					"parent": "leg_front_right2",
					"pivot": [-8.5, 0.5, -11],
					"cubes": [
						{"origin": [-12.5, -2.5, -15.5], "size": [8, 3, 9], "inflate": 0.02, "uv": [96, 72], "mirror": true}
					]
				},
				{
					"name": "toes_front_right",
					"parent": "foot_front_right",
					"pivot": [-8.5, 0.5, -15.5]
				},
				{
					"name": "toe_inner_front_right",
					"parent": "toes_front_right",
					"pivot": [-7.25, -0.5, -15.5],
					"rotation": [0, -12.5, 0],
					"cubes": [
						{"origin": [-7.25, -2.5, -17.5], "size": [2, 2, 2], "inflate": 0.01, "uv": [1, 97], "mirror": true},
						{"origin": [-6.75, -2.5, -19.25], "size": [1, 2, 2], "uv": [35, 96], "mirror": true}
					]
				},
				{
					"name": "toe_middle_front_right",
					"parent": "toes_front_right",
					"pivot": [-8.5, -0.5, -15.5],
					"cubes": [
						{"origin": [-9.5, -2.5, -17.5], "size": [2, 2, 2], "inflate": 0.01, "uv": [27, 97], "mirror": true},
						{"origin": [-9, -2.5, -19.25], "size": [1, 2, 2], "uv": [27, 116], "mirror": true}
					]
				},
				{
					"name": "toe_outer_front_right",
					"parent": "toes_front_right",
					"pivot": [-9.75, -0.5, -15.5],
					"rotation": [0, 12.5, 0],
					"cubes": [
						{"origin": [-11.75, -2.5, -17.5], "size": [2, 2, 2], "inflate": 0.01, "uv": [1, 117], "mirror": true},
						{"origin": [-11.25, -2.5, -19.25], "size": [1, 2, 2], "uv": [33, 116], "mirror": true}
					]
				},
				{
					"name": "leg_back_right",
					"parent": "legs",
					"pivot": [-13, 15.75, 10.5],
					"rotation": [0, 0, 47.5]
				},
				{
					"name": "leg_back_right_rotation",
					"parent": "leg_back_right",
					"pivot": [-13, 16.75, 10.5],
					"cubes": [
						{"origin": [-15, 9.25, 5], "size": [9, 10, 10], "inflate": 0.01, "uv": [121, 92], "mirror": true}
					]
				},
				{
					"name": "leg_back_right2",
					"parent": "leg_back_right_rotation",
					"pivot": [-13, 9.25, 5.5],
					"cubes": [
						{"origin": [-14.5, -0.75, 5.5], "size": [8, 10, 9], "uv": [162, 99], "mirror": true}
					]
				},
				{
					"name": "foot_back_right",
					"parent": "leg_back_right2",
					"pivot": [-10.5, 0.25, 10],
					"cubes": [
						{"origin": [-14.5, -2.75, 5.5], "size": [8, 3, 9], "inflate": 0.02, "uv": [70, 96], "mirror": true}
					]
				},
				{
					"name": "toes_back_right",
					"parent": "foot_back_right",
					"pivot": [-10.5, -0.75, 5.5]
				},
				{
					"name": "toe_inner_back_right",
					"parent": "toes_back_right",
					"pivot": [-9.25, -0.75, 5.5],
					"rotation": [0, -12.5, 0],
					"cubes": [
						{"origin": [-9.25, -2.75, 3.5], "size": [2, 2, 2], "inflate": 0.01, "uv": [132, 78], "mirror": true},
						{"origin": [-8.75, -2.75, 2], "size": [1, 2, 2], "uv": [166, 74], "mirror": true}
					]
				},
				{
					"name": "toe_middle_back_right",
					"parent": "toes_back_right",
					"pivot": [-10.5, -0.75, 5.5],
					"cubes": [
						{"origin": [-11.5, -2.75, 3.5], "size": [2, 2, 2], "inflate": 0.01, "uv": [158, 78], "mirror": true},
						{"origin": [-11, -2.75, 1.5], "size": [1, 2, 2], "uv": [149, 98], "mirror": true}
					]
				},
				{
					"name": "toe_outer_back_right",
					"parent": "toes_back_right",
					"pivot": [-11.75, -0.75, 5.5],
					"rotation": [0, 12.5, 0],
					"cubes": [
						{"origin": [-13.75, -2.75, 3.5], "size": [2, 2, 2], "inflate": 0.01, "uv": [123, 98], "mirror": true},
						{"origin": [-13.25, -2.75, 2], "size": [1, 2, 2], "uv": [153, 96], "mirror": true}
					]
				}
			]
		}
	]
}