{
  "portraitScale": 1.91,
  "portraitTranslation": [-0.91,1.18,0],
  "profileScale": 0.59,
  "profileTranslation": [-0.02,0.85,0],
  "rootBone": "absol",
  "animations": {
      "cry": "q.bedrock_stateful('absol', 'cry')"
  },
  "poses": {
    "standing": {
      "poseTypes": [
        "STAND",
        "NONE",
        "FLOAT",
        "PORTRAIT",
        "PROFILE"
      ],
      "isBattle": false,
      "animations": [
        "q.look('head')",
        "q.bedrock('absol', 'ground_idle')"
      ],
      "quirks": [
        "q.bedrock_quirk('absol', 'blink')"
      ]
    },
    "walking": {
      "poseTypes": [
        "WALK",
        "SWIM"
      ],
      "animations": [
        "q.look('head')",
        "q.bedrock('absol', 'ground_idle')",
        "q.quadruped_walk(1, 1, 'leg_front_left', 'leg_front_right', 'leg_back_left', 'leg_back_right')"
      ],
      "quirks": [
        "q.bedrock_quirk('absol', 'blink')"
      ]
    }
  }
}