{
	"format_version": "1.12.0",
	"minecraft:geometry": [
		{
			"description": {
				"identifier": "geometry.charizard",
				"texture_width": 256,
				"texture_height": 128,
				"visible_bounds_width": 10,
				"visible_bounds_height": 5,
				"visible_bounds_offset": [0, 1.5, 0]
			},
			"bones": [
				{
					"name": "charizard",
					"pivot": [0, 0, 0]
				},
				{
					"name": "locator_root",
					"parent": "charizard",
					"pivot": [0, 0, -1],
					"locators": {
						"root": [0, 0, -1]
					}
				},
				{
					"name": "body",
					"parent": "charizard",
					"pivot": [0, 11.5, 0]
				},
				{
					"name": "locator_target",
					"parent": "body",
					"pivot": [0, 20, -10],
					"locators": {
						"target": [0, 20, -10]
					}
				},
				{
					"name": "locator_body",
					"parent": "body",
					"pivot": [0, 20, -0.5],
					"locators": {
						"body": [0, 20, -0.5]
					}
				},
				{
					"name": "torso",
					"parent": "body",
					"pivot": [0, 11.5, 0],
					"cubes": [
						{"origin": [-8, 4, -8], "size": [16, 15, 16], "uv": [0, 0]}
					]
				},
				{
					"name": "torso2",
					"parent": "torso",
					"pivot": [0, 19, 0.5],
					"cubes": [
						{"origin": [-6, 18, -7], "size": [12, 7, 13], "uv": [0, 31]}
					]
				},
				{
					"name": "neck",
					"parent": "torso2",
					"pivot": [0, 25, -0.5],
					"cubes": [
						{"origin": [-3.5, 23, -4.5], "size": [7, 7, 8], "inflate": 0.02, "uv": [0, 72]}
					]
				},
				{
					"name": "neck2",
					"parent": "neck",
					"pivot": [0, 29, -0.5],
					"cubes": [
						{"origin": [-3, 28, -4], "size": [6, 7, 7], "uv": [87, 32]}
					]
				},
				{
					"name": "neck3",
					"parent": "neck2",
					"pivot": [0, 34, -0.5],
					"cubes": [
						{"origin": [-2.5, 33, -3.5], "size": [5, 6, 6], "inflate": 0.01, "uv": [90, 0]}
					]
				},
				{
					"name": "neck4",
					"parent": "neck3",
					"pivot": [0, 38.5, 1],
					"cubes": [
						{"origin": [-2.5, 38.5, -3.5], "size": [5, 5, 6], "uv": [56, 62]}
					]
				},
				{
					"name": "head",
					"parent": "neck4",
					"pivot": [0, 43.5, -0.5]
				},
				{
					"name": "head_correction",
					"parent": "head",
					"pivot": [0, 43.5, -0.5]
				},
				{
					"name": "head_ai",
					"parent": "head_correction",
					"pivot": [0, 43.5, -0.5]
				},
				{
					"name": "head_angle",
					"parent": "head_ai",
					"pivot": [0, 43.5, -0.5],
					"cubes": [
						{"origin": [-3.5, 41.5, -2], "size": [7, 7, 5], "uv": [48, 0]},
						{"origin": [-3.5, 41.5, -4], "size": [7, 4, 2], "uv": [95, 64]},
						{"origin": [-2.5, 48, -2], "size": [5, 5, 2], "inflate": 0.02, "uv": [37, 31]},
						{"origin": [-2, 51.48744, -3.03033], "size": [0, 1, 1], "inflate": 0.01, "pivot": [-2, 52.51777, -2], "rotation": [45, 0, 7.5], "uv": [43, 42]},
						{"origin": [2, 51.48744, -3.03033], "size": [0, 1, 1], "inflate": 0.01, "pivot": [2, 52.51777, -2], "rotation": [45, 0, -7.5], "uv": [41, 42]}
					]
				},
				{
					"name": "locator_head",
					"parent": "head_angle",
					"pivot": [0, 46.5, 3],
					"rotation": [-90, 0, 0],
					"locators": {
						"head": [0, 46.5, 3]
					}
				},
				{
					"name": "locator_mouth",
					"parent": "head_angle",
					"pivot": [0, 48.75, -3],
					"rotation": [-90, 0, 0],
					"locators": {
						"mouth": [0, 48.75, -3],
						"special": [0, 48.75, -3]
					}
				},
				{
					"name": "locator_jaw_upper",
					"parent": "head_angle",
					"pivot": [0, 51.75, -2.25],
					"rotation": [-90, 0, 0],
					"locators": {
						"jaw1": [0, 51.75, -2.25]
					}
				},
				{
					"name": "brow",
					"parent": "head_angle",
					"pivot": [0, 48.275, 1.765],
					"cubes": [
						{"origin": [-2.5, 48.55, 1], "size": [5, 0, 1], "uv": [0, 14]},
						{"origin": [-3.5, 47.5, 1.53], "size": [7, 1, 1], "inflate": 0.04, "uv": [0, 12]}
					]
				},
				{
					"name": "eye",
					"parent": "head_angle",
					"pivot": [0, -3.5, 1.5]
				},
				{
					"name": "locator_face",
					"parent": "eye",
					"pivot": [0, 53.75, -0.25],
					"rotation": [-90, 0, 0],
					"locators": {
						"face": [0, 53.75, -0.25]
					}
				},
				{
					"name": "eye_right",
					"parent": "eye",
					"pivot": [-2.75, 47.75, 0.875],
					"cubes": [
						{"origin": [-3.5, 47.5, 0], "size": [2, 1, 2], "inflate": 0.01, "uv": [106, 36]},
						{"origin": [-3.5, 46.5, 0.5], "size": [0, 1, 1], "inflate": 0.01, "uv": [0, 30]},
						{"origin": [-3, 48.52, 0], "size": [1, 0, 2], "uv": [11, 14]}
					]
				},
				{
					"name": "locator_eye_right",
					"parent": "eye_right",
					"pivot": [-2.5, 48.5, 0.5],
					"rotation": [-90, 0, 0],
					"locators": {
						"eye1": [-2.5, 48.5, 0.5]
					}
				},
				{
					"name": "eyelid_right",
					"parent": "eye_right",
					"pivot": [-2.655, 47.15, 1],
					"cubes": [
						{"origin": [-3.4, 46.4, 0], "size": [2, 2, 2], "inflate": 0.03, "uv": [41, 86]},
						{"origin": [-3.41, 46.4, 0.5], "size": [1, 1, 1], "inflate": 0.03, "uv": [47, 86]}
					]
				},
				{
					"name": "eye_left",
					"parent": "eye",
					"pivot": [2.75, 47.75, 0.875],
					"cubes": [
						{"origin": [1.5, 47.5, 0], "size": [2, 1, 2], "inflate": 0.01, "uv": [44, 82]},
						{"origin": [3.5, 46.5, 0.5], "size": [0, 1, 1], "inflate": 0.01, "uv": [0, 31]},
						{"origin": [2, 48.52, 0], "size": [1, 0, 2], "uv": [9, 14]}
					]
				},
				{
					"name": "locator_eye_left",
					"parent": "eye_left",
					"pivot": [2.5, 48.5, 0.5],
					"rotation": [-90, 0, 0],
					"locators": {
						"eye2": {
							"offset": [2.5, 48.5, 0.5],
							"rotation": [0, 0, 90]
						}
					}
				},
				{
					"name": "eyelid_left",
					"parent": "eye_left",
					"pivot": [2.195, 47.15, 1],
					"cubes": [
						{"origin": [1.4, 46.4, 0], "size": [2, 2, 2], "inflate": 0.03, "uv": [33, 86]},
						{"origin": [2.41, 46.4, 0.5], "size": [1, 1, 1], "inflate": 0.03, "uv": [39, 86]}
					]
				},
				{
					"name": "horn_right",
					"parent": "head_angle",
					"pivot": [-1.5, 44.5, 3],
					"rotation": [30, -7.5, 12.5],
					"cubes": [
						{"origin": [-3.5, 40.5, 1], "size": [2, 4, 2], "uv": [22, 72]},
						{"origin": [-3, 39.25, 1.5], "size": [1, 1, 1], "inflate": 0.25, "uv": [9, 58]},
						{"origin": [-3, 37.75, 1.5], "size": [1, 1, 1], "inflate": 0.25, "uv": [49, 31]}
					]
				},
				{
					"name": "locator_horn_right",
					"parent": "horn_right",
					"pivot": [-2.5, 39, 2],
					"rotation": [90, 0, 0],
					"locators": {
						"horn1": [-2.5, 39, 2]
					}
				},
				{
					"name": "horn_left",
					"parent": "head_angle",
					"pivot": [1.5, 44.5, 3],
					"rotation": [30, 7.5, -12.5],
					"cubes": [
						{"origin": [1.5, 40.5, 1], "size": [2, 4, 2], "uv": [0, 72]},
						{"origin": [2, 39.25, 1.5], "size": [1, 1, 1], "inflate": 0.25, "uv": [48, 2]},
						{"origin": [2, 37.75, 1.5], "size": [1, 1, 1], "inflate": 0.25, "uv": [48, 0]}
					]
				},
				{
					"name": "locator_horn_left",
					"parent": "horn_left",
					"pivot": [2.5, 39, 2],
					"rotation": [90, 0, 0],
					"locators": {
						"horn2": [2.5, 39, 2]
					}
				},
				{
					"name": "nose",
					"parent": "head_angle",
					"pivot": [0, 53, 0],
					"rotation": [-40, 0, 0],
					"cubes": [
						{"origin": [-2.5, 51.36698, -1.67861], "size": [5, 2, 2], "inflate": 0.03, "uv": [48, 12]},
						{"origin": [-2, 53.40698, -1.17861], "size": [4, 0, 1], "uv": [0, 15]}
					]
				},
				{
					"name": "jaw",
					"parent": "head_angle",
					"pivot": [0, 45.5, -2],
					"cubes": [
						{"origin": [-3.5, 45.5, -4], "size": [7, 3, 2], "inflate": 0.01, "uv": [76, 20]}
					]
				},
				{
					"name": "jaw2",
					"parent": "jaw",
					"pivot": [0, 48.5, -4],
					"rotation": [-7.5, 0, 0],
					"cubes": [
						{"origin": [-2, 48.49, -4], "size": [4, 4, 2], "uv": [0, 51]},
						{"origin": [-1.5, 48.5, -2], "size": [3, 4, 0], "uv": [90, 0]},
						{"origin": [1.5, 51.49749, -3.03033], "size": [0, 1, 1], "pivot": [1.5, 52.52782, -2], "rotation": [45, 0, -7.5], "uv": [37, 39]},
						{"origin": [-1.5, 51.49749, -3.03033], "size": [0, 1, 1], "pivot": [-1.5, 52.52782, -2], "rotation": [45, 0, 7.5], "uv": [37, 38]}
					]
				},
				{
					"name": "locator_jaw_lower",
					"parent": "jaw2",
					"pivot": [0, 51.75, -1.75],
					"locators": {
						"jaw2": {
							"offset": [0, 51.75, -1.75],
							"rotation": [-90, 0, 0]
						}
					}
				},
				{
					"name": "tongue",
					"parent": "jaw",
					"pivot": [0, 45.5, -2],
					"cubes": [
						{"origin": [-1.5, 45.5, -2], "size": [3, 3, 0], "uv": [87, 29]}
					]
				},
				{
					"name": "tongue2",
					"parent": "tongue",
					"pivot": [0, 48.5, -2],
					"cubes": [
						{"origin": [-1, 48.5, -2], "size": [2, 2, 0], "inflate": 0.01, "uv": [46, 38]}
					]
				},
				{
					"name": "tongue3",
					"parent": "tongue2",
					"pivot": [0, 50.5, -2],
					"cubes": [
						{"origin": [-1, 50.5, -2], "size": [2, 1, 0], "uv": [37, 43]},
						{"origin": [-0.5, 51.5, -2], "size": [1, 1, 0], "uv": [45, 43]}
					]
				},
				{
					"name": "wings",
					"parent": "torso2",
					"pivot": [0, 21, 6]
				},
				{
					"name": "wing_right_base",
					"parent": "wings",
					"pivot": [-2.5, 22.75, 5.25],
					"rotation": [0, 42.5, 0],
					"cubes": [
						{"origin": [-5, 23, 4.25], "size": [2, 3, 2], "inflate": 0.01, "pivot": [-3, 19, 6.25], "rotation": [0, 0, -25], "uv": [171, 4], "mirror": true},
						{"origin": [-6.5, 21.75, 4.25], "size": [4, 2, 2], "uv": [169, 0], "mirror": true}
					]
				},
				{
					"name": "wing_right_base_membrane",
					"parent": "wing_right_base",
					"pivot": [-2.5, 22.75, 5.25],
					"cubes": [
						{"origin": [-6, 15, 5.25], "size": [3, 7, 0], "inflate": 0.01, "uv": [182, 1], "mirror": true}
					]
				},
				{
					"name": "wing_right_base_membrane2",
					"parent": "wing_right_base",
					"pivot": [-2, 22, 5.25],
					"cubes": [
						{"origin": [-3.5, 15, 5.25], "size": [5, 7, 0], "inflate": 0.01, "uv": [188, 1], "mirror": true}
					]
				},
				{
					"name": "wing_right_bend",
					"parent": "wing_right_base",
					"pivot": [-6, 25, 5.25],
					"cubes": [
						{"origin": [-7.96349, 25.36744, 4.25], "size": [2, 9, 2], "pivot": [-5.96349, 25.36744, 5.25], "rotation": [0, 0, -67.5], "uv": [171, 9], "mirror": true}
					]
				},
				{
					"name": "wing_right_bend_membrane",
					"parent": "wing_right_bend",
					"pivot": [-6, 25, 5.25],
					"cubes": [
						{"origin": [-14, 15, 5.25], "size": [8, 12, 0], "uv": [182, 9], "mirror": true}
					]
				},
				{
					"name": "wing_right_mid",
					"parent": "wing_right_bend",
					"pivot": [-14, 27.5, 5.25],
					"cubes": [
						{"origin": [-15.04684, 26.96842, 4.75], "size": [2, 13, 1], "inflate": 0.02, "pivot": [-15.04684, 26.96842, 4.75], "rotation": [0, 0, -10], "uv": [172, 20], "mirror": true},
						{"origin": [-24.04684, 34.96842, 4.75], "size": [2, 5, 1], "pivot": [-15.04684, 26.96842, 4.75], "rotation": [0, 0, 37.5], "uv": [172, 34], "mirror": true}
					]
				},
				{
					"name": "wing_right_mid_membrane_hidden",
					"parent": "wing_right_mid",
					"pivot": [-17, 38, 5.25],
					"cubes": [
						{"origin": [-26, 18, 5.25], "size": [9, 20, 0], "uv": [181, 44], "mirror": true}
					]
				},
				{
					"name": "wing_right_mid_membrane",
					"parent": "wing_right_mid",
					"pivot": [-16.75, 38, 5.25],
					"cubes": [
						{"origin": [-17, 17, 5.25], "size": [4, 21, 0], "inflate": 0.01, "uv": [186, 22], "mirror": true}
					]
				},
				{
					"name": "wing_right_elbow",
					"parent": "wing_right_mid",
					"pivot": [-17, 38, 5.25],
					"cubes": [
						{"origin": [-19.32585, 39.78904, 4.75], "size": [2, 6, 1], "inflate": 0.01, "pivot": [-17.32585, 39.78904, 5.25], "rotation": [0, 0, -100], "uv": [172, 40], "mirror": true}
					]
				},
				{
					"name": "locator_wing_right",
					"parent": "wing_right_elbow",
					"pivot": [-20, 38.25, 5.25],
					"rotation": [0, 90, -22.5],
					"locators": {
						"wing1": [-20, 38.25, 5.25]
					}
				},
				{
					"name": "wing_right_membrane",
					"parent": "wing_right_elbow",
					"pivot": [-17, 38, 5.25],
					"cubes": [
						{"origin": [-22, 13, 5.25], "size": [5, 25, 0], "inflate": 0.02, "uv": [185, 65], "mirror": true}
					]
				},
				{
					"name": "wing_right_end",
					"parent": "wing_right_elbow",
					"pivot": [-22, 38, 5.25],
					"cubes": [
						{"origin": [-25.2347, 38.74715, 4.75], "size": [2, 11, 1], "inflate": 0.02, "pivot": [-23.2347, 38.74715, 5.25], "rotation": [0, 0, -135], "uv": [172, 47]}
					]
				},
				{
					"name": "wing_right_end_membrane_hidden",
					"parent": "wing_right_end",
					"pivot": [-25, 32, 5.25],
					"cubes": [
						{"origin": [-32, 20, 5.25], "size": [7, 12, 0], "uv": [183, 114], "mirror": true}
					]
				},
				{
					"name": "wing_right_end_membrane",
					"parent": "wing_right_end",
					"pivot": [-22, 38, 5.25],
					"cubes": [
						{"origin": [-30, 16, 5.25], "size": [8, 22, 0], "inflate": 0.01, "uv": [182, 91], "mirror": true}
					]
				},
				{
					"name": "wing_right_tip",
					"parent": "wing_right_end",
					"pivot": [-30, 30.5, 5.25],
					"cubes": [
						{"origin": [-37.54559, 21.2176, 5.25], "size": [1, 10, 0], "inflate": 0.03, "pivot": [-36.09559, 21.2176, 5.25], "rotation": [0, 0, -172.5], "uv": [174, 70], "mirror": true},
						{"origin": [-33.01287, 30.96897, 5.25], "size": [2, 11, 0], "inflate": 0.05, "pivot": [-31.01287, 30.96897, 5.25], "rotation": [0, 0, -152.5], "uv": [173, 59], "mirror": true}
					]
				},
				{
					"name": "wing_right_tip_membrane",
					"parent": "wing_right_tip",
					"pivot": [-30, 30.5, 5.25],
					"cubes": [
						{"origin": [-36, 12, 5.25], "size": [6, 18, 0], "inflate": 0.02, "uv": [199, 1], "mirror": true}
					]
				},
				{
					"name": "wing_left_base",
					"parent": "wings",
					"pivot": [2.5, 22.75, 5.25],
					"rotation": [0, -42.5, 0],
					"cubes": [
						{"origin": [3, 23, 4.25], "size": [2, 3, 2], "inflate": 0.01, "pivot": [3, 19, 6.25], "rotation": [0, 0, 25], "uv": [214, 4]},
						{"origin": [2.5, 21.75, 4.25], "size": [4, 2, 2], "uv": [212, 0]}
					]
				},
				{
					"name": "wing_left_base_membrane",
					"parent": "wing_left_base",
					"pivot": [2.5, 22.75, 5.25],
					"cubes": [
						{"origin": [3, 15, 5.25], "size": [3, 7, 0], "inflate": 0.01, "uv": [225, 1]}
					]
				},
				{
					"name": "wing_left_base_membrane2",
					"parent": "wing_left_base",
					"pivot": [2, 22, 5.25],
					"cubes": [
						{"origin": [-1.5, 15, 5.25], "size": [5, 7, 0], "inflate": 0.01, "uv": [231, 1]}
					]
				},
				{
					"name": "wing_left_bend",
					"parent": "wing_left_base",
					"pivot": [6, 25, 5.25],
					"cubes": [
						{"origin": [5.96349, 25.36744, 4.25], "size": [2, 9, 2], "pivot": [5.96349, 25.36744, 5.25], "rotation": [0, 0, 67.5], "uv": [214, 9]}
					]
				},
				{
					"name": "wing_left_bend_membrane",
					"parent": "wing_left_bend",
					"pivot": [6, 25, 5.25],
					"cubes": [
						{"origin": [6, 15, 5.25], "size": [8, 12, 0], "uv": [225, 9]}
					]
				},
				{
					"name": "wing_left_mid",
					"parent": "wing_left_bend",
					"pivot": [14, 27.5, 5.25],
					"cubes": [
						{"origin": [13.04684, 26.96842, 4.75], "size": [2, 13, 1], "inflate": 0.02, "pivot": [15.04684, 26.96842, 4.75], "rotation": [0, 0, 10], "uv": [215, 20]},
						{"origin": [22.04684, 34.96842, 4.75], "size": [2, 5, 1], "pivot": [15.04684, 26.96842, 4.75], "rotation": [0, 0, -37.5], "uv": [215, 34]}
					]
				},
				{
					"name": "wing_left_mid_membrane_hidden",
					"parent": "wing_left_mid",
					"pivot": [17, 38, 5.25],
					"cubes": [
						{"origin": [17, 18, 5.25], "size": [9, 20, 0], "uv": [224, 44]}
					]
				},
				{
					"name": "wing_left_mid_membrane",
					"parent": "wing_left_mid",
					"pivot": [16.75, 38, 5.25],
					"cubes": [
						{"origin": [13, 17, 5.25], "size": [4, 21, 0], "inflate": 0.01, "uv": [229, 22]}
					]
				},
				{
					"name": "wing_left_elbow",
					"parent": "wing_left_mid",
					"pivot": [17, 38, 5.25],
					"cubes": [
						{"origin": [17.32585, 39.78904, 4.75], "size": [2, 6, 1], "inflate": 0.01, "pivot": [17.32585, 39.78904, 5.25], "rotation": [0, 0, 100], "uv": [215, 40]}
					]
				},
				{
					"name": "locator_wing_left",
					"parent": "wing_left_elbow",
					"pivot": [20, 38.25, 5.25],
					"rotation": [0, -90, 22.5],
					"locators": {
						"wing2": [20, 38.25, 5.25]
					}
				},
				{
					"name": "wing_left_membrane",
					"parent": "wing_left_elbow",
					"pivot": [17, 38, 5.25],
					"cubes": [
						{"origin": [17, 13, 5.25], "size": [5, 25, 0], "inflate": 0.02, "uv": [228, 65]}
					]
				},
				{
					"name": "wing_left_end",
					"parent": "wing_left_elbow",
					"pivot": [22, 38, 5.25],
					"cubes": [
						{"origin": [23.2347, 38.74715, 4.75], "size": [2, 11, 1], "inflate": 0.02, "pivot": [23.2347, 38.74715, 5.25], "rotation": [0, 0, 135], "uv": [215, 47], "mirror": true}
					]
				},
				{
					"name": "wing_left_end_membrane_hidden",
					"parent": "wing_left_end",
					"pivot": [25, 32, 5.25],
					"cubes": [
						{"origin": [25, 20, 5.25], "size": [7, 12, 0], "uv": [226, 114]}
					]
				},
				{
					"name": "wing_left_end_membrane",
					"parent": "wing_left_end",
					"pivot": [22, 38, 5.25],
					"cubes": [
						{"origin": [22, 16, 5.25], "size": [8, 22, 0], "inflate": 0.01, "uv": [225, 91]}
					]
				},
				{
					"name": "wing_left_tip",
					"parent": "wing_left_end",
					"pivot": [30, 30.5, 5.25],
					"cubes": [
						{"origin": [36.54559, 21.2176, 5.25], "size": [1, 10, 0], "inflate": 0.03, "pivot": [36.09559, 21.2176, 5.25], "rotation": [0, 0, 172.5], "uv": [217, 70]},
						{"origin": [31.01287, 30.96897, 5.25], "size": [2, 11, 0], "inflate": 0.05, "pivot": [31.01287, 30.96897, 5.25], "rotation": [0, 0, 152.5], "uv": [216, 59]}
					]
				},
				{
					"name": "wing_left_tip_membrane",
					"parent": "wing_left_tip",
					"pivot": [30, 30.5, 5.25],
					"cubes": [
						{"origin": [30, 12, 5.25], "size": [6, 18, 0], "inflate": 0.02, "uv": [242, 1]}
					]
				},
				{
					"name": "arms",
					"parent": "torso2",
					"pivot": [6, 23, 0]
				},
				{
					"name": "shoulder_right",
					"parent": "arms",
					"pivot": [-6, 23, 0],
					"cubes": [
						{"origin": [-9, 21.5, -1.5], "size": [4, 3, 3], "uv": [102, 12]}
					]
				},
				{
					"name": "arm_right",
					"parent": "shoulder_right",
					"pivot": [-8.5, 23, 0.5],
					"cubes": [
						{"origin": [-13.5, 22, -1], "size": [5, 2, 2], "uv": [30, 82]}
					]
				},
				{
					"name": "forearm_right",
					"parent": "arm_right",
					"pivot": [-13.5, 22, 1],
					"cubes": [
						{"origin": [-18.5, 22, -1], "size": [5, 2, 2], "inflate": 0.01, "uv": [106, 32]}
					]
				},
				{
					"name": "hand_right",
					"parent": "forearm_right",
					"pivot": [-18.5, 23, 0],
					"cubes": [
						{"origin": [-21.5, 22, -1.5], "size": [3, 2, 3], "inflate": 0.1, "uv": [0, 58]}
					]
				},
				{
					"name": "locator_hand_primary",
					"parent": "hand_right",
					"pivot": [-21.5, 23, 0],
					"rotation": [0, 90, 0],
					"locators": {
						"hand_primary": [-21.5, 23, 0],
						"physical": [-21.5, 23, 0]
					}
				},
				{
					"name": "fingers_right",
					"parent": "hand_right",
					"pivot": [-21.5, 23.75, 0]
				},
				{
					"name": "finger_right_in",
					"parent": "fingers_right",
					"pivot": [-21, 23.75, -1.25],
					"rotation": [0, -25, 0],
					"cubes": [
						{"origin": [-23, 22.75, -1.75], "size": [2, 1, 1], "inflate": 0.01, "uv": [108, 24]}
					]
				},
				{
					"name": "finger_right_in2",
					"parent": "finger_right_in",
					"pivot": [-23, 23.75, -1.25],
					"cubes": [
						{"origin": [-26, 23.25, -1.75], "size": [1, 0, 1], "pivot": [-25, 23.25, -1.25], "rotation": [-70, 0, 0], "uv": [36, 38]},
						{"origin": [-25, 22.75, -1.75], "size": [2, 1, 1], "uv": [56, 84]}
					]
				},
				{
					"name": "finger_right_middle",
					"parent": "fingers_right",
					"pivot": [-21.5, 23.75, 0],
					"cubes": [
						{"origin": [-23.5, 22.75, -0.5], "size": [2, 1, 1], "inflate": 0.01, "uv": [102, 18]}
					]
				},
				{
					"name": "finger_right_middle2",
					"parent": "finger_right_middle",
					"pivot": [-23.5, 23.75, 0],
					"cubes": [
						{"origin": [-26.5, 23.25, -0.5], "size": [1, 0, 1], "pivot": [-25.5, 23.25, 0], "rotation": [-90, 0, 0], "uv": [36, 31]},
						{"origin": [-25.5, 22.75, -0.5], "size": [2, 1, 1], "uv": [56, 86]}
					]
				},
				{
					"name": "finger_right_out",
					"parent": "fingers_right",
					"pivot": [-21, 23.75, 1.25],
					"rotation": [0, 25, 0],
					"cubes": [
						{"origin": [-23, 22.75, 0.75], "size": [2, 1, 1], "inflate": 0.01, "uv": [106, 4]}
					]
				},
				{
					"name": "finger_right_out2",
					"parent": "finger_right_out",
					"pivot": [-23, 23.75, 1.25],
					"cubes": [
						{"origin": [-26, 23.25, 0.75], "size": [1, 0, 1], "pivot": [-25, 23.25, 1.25], "rotation": [-120, 0, 0], "uv": [36, 32]},
						{"origin": [-25, 22.75, 0.75], "size": [2, 1, 1], "uv": [107, 46]}
					]
				},
				{
					"name": "shoulder_left",
					"parent": "arms",
					"pivot": [6, 23, 0],
					"cubes": [
						{"origin": [5, 21.5, -1.5], "size": [4, 3, 3], "uv": [98, 70]}
					]
				},
				{
					"name": "arm_left",
					"parent": "shoulder_left",
					"pivot": [8.5, 23, 0.5],
					"cubes": [
						{"origin": [8.5, 22, -1], "size": [5, 2, 2], "uv": [106, 0]}
					]
				},
				{
					"name": "forearm_left",
					"parent": "arm_left",
					"pivot": [13.5, 22, 1],
					"cubes": [
						{"origin": [13.5, 22, -1], "size": [5, 2, 2], "inflate": 0.01, "uv": [76, 25]}
					]
				},
				{
					"name": "hand_left",
					"parent": "forearm_left",
					"pivot": [18.5, 23, 0],
					"cubes": [
						{"origin": [18.5, 22, -1.5], "size": [3, 2, 3], "inflate": 0.1, "uv": [37, 38]}
					]
				},
				{
					"name": "locator_hand_secondary",
					"parent": "hand_left",
					"pivot": [21.5, 23, 0],
					"rotation": [0, -90, 0],
					"locators": {
						"hand_secondary": [21.5, 23, 0]
					}
				},
				{
					"name": "fingers_left",
					"parent": "hand_left",
					"pivot": [21.5, 23.75, 0]
				},
				{
					"name": "finger_left_in",
					"parent": "fingers_left",
					"pivot": [21, 23.75, -1.25],
					"rotation": [0, 25, 0],
					"cubes": [
						{"origin": [21, 22.75, -1.75], "size": [2, 1, 1], "inflate": 0.01, "uv": [56, 82]}
					]
				},
				{
					"name": "finger_left_in2",
					"parent": "finger_left_in",
					"pivot": [23, 23.75, -1.25],
					"cubes": [
						{"origin": [25, 23.25, -1.75], "size": [1, 0, 1], "pivot": [25, 23.25, -1.25], "rotation": [-70, 0, 0], "uv": [5, 32]},
						{"origin": [23, 22.75, -1.75], "size": [2, 1, 1], "uv": [49, 88]}
					]
				},
				{
					"name": "finger_left_middle",
					"parent": "fingers_left",
					"pivot": [21.5, 23.75, 0],
					"cubes": [
						{"origin": [21.5, 22.75, -0.5], "size": [2, 1, 1], "inflate": 0.01, "uv": [90, 4]}
					]
				},
				{
					"name": "finger_left_middle2",
					"parent": "finger_left_middle",
					"pivot": [23.5, 23.75, 0],
					"cubes": [
						{"origin": [25.5, 23.25, -0.5], "size": [1, 0, 1], "pivot": [25.5, 23.25, 0], "rotation": [-90, 0, 0], "uv": [5, 31]},
						{"origin": [23.5, 22.75, -0.5], "size": [2, 1, 1], "uv": [87, 71]}
					]
				},
				{
					"name": "finger_left_out",
					"parent": "fingers_left",
					"pivot": [21, 23.75, 1.25],
					"rotation": [0, -25, 0],
					"cubes": [
						{"origin": [21, 22.75, 0.75], "size": [2, 1, 1], "inflate": 0.01, "uv": [87, 46]}
					]
				},
				{
					"name": "finger_left_out2",
					"parent": "finger_left_out",
					"pivot": [23, 23.75, 1.25],
					"cubes": [
						{"origin": [25, 23.25, 0.75], "size": [1, 0, 1], "pivot": [25, 23.25, 1.25], "rotation": [-120, 0, 0], "uv": [8, 15]},
						{"origin": [23, 22.75, 0.75], "size": [2, 1, 1], "uv": [76, 29]}
					]
				},
				{
					"name": "tail",
					"parent": "torso",
					"pivot": [0, 9.5, 6],
					"cubes": [
						{"origin": [-5, 4.5, 6], "size": [10, 10, 14], "uv": [36, 38]}
					]
				},
				{
					"name": "tail2",
					"parent": "tail",
					"pivot": [0, 9, 20],
					"cubes": [
						{"origin": [-4, 5.5, 19], "size": [8, 8, 13], "uv": [0, 51]}
					]
				},
				{
					"name": "tail3",
					"parent": "tail2",
					"pivot": [0, 9.5, 32],
					"cubes": [
						{"origin": [-3, 6.5, 31], "size": [6, 6, 11], "uv": [53, 20]}
					]
				},
				{
					"name": "tail4",
					"parent": "tail3",
					"pivot": [0, 9.5, 42],
					"cubes": [
						{"origin": [-2, 7.5, 41], "size": [4, 4, 11], "uv": [68, 62]}
					]
				},
				{
					"name": "locator_tail",
					"parent": "tail4",
					"pivot": [0, 9.5, 47],
					"rotation": [-180, 0, 180],
					"locators": {
						"tail": [0, 9.5, 47]
					}
				},
				{
					"name": "tail5",
					"parent": "tail4",
					"pivot": [0, 9.5, 52],
					"cubes": [
						{"origin": [-1.5, 8, 51], "size": [3, 3, 11], "uv": [70, 37]}
					]
				},
				{
					"name": "locator_tail_tip",
					"parent": "tail5",
					"pivot": [0, 9.5, 62],
					"rotation": [-180, 0, 180],
					"locators": {
						"tail_tip": [0, 9.5, 62]
					}
				},
				{
					"name": "fire",
					"parent": "tail5",
					"pivot": [0, 9.45, 62]
				},
				{
					"name": "fire2",
					"parent": "fire",
					"pivot": [0, 9.45, 62],
					"cubes": [
						{"origin": [0, 9.5, 58.5], "size": [0, 12, 7], "uv": [0, 104]},
						{"origin": [0, 9.5, 58.5], "size": [0, 12, 7], "pivot": [0, 14.45, 62], "rotation": [0, 90, 0], "uv": [0, 92]}
					]
				},
				{
					"name": "legs",
					"parent": "body",
					"pivot": [0, 0, 0]
				},
				{
					"name": "leg_right",
					"parent": "legs",
					"pivot": [-8, 10.5, 1],
					"cubes": [
						{"origin": [-12.5, 6.5, -7], "size": [7, 8, 12], "uv": [64, 0]}
					]
				},
				{
					"name": "knee_right",
					"parent": "leg_right",
					"pivot": [-9, 6.5, -5],
					"cubes": [
						{"origin": [-11.5, 1.5, -6], "size": [5, 7, 6], "uv": [93, 51]}
					]
				},
				{
					"name": "foot_right",
					"parent": "knee_right",
					"pivot": [-9, 1.5, -3.5],
					"cubes": [
						{"origin": [-12, 0, -5.5], "size": [6, 3, 6], "uv": [90, 20], "mirror": true}
					]
				},
				{
					"name": "locator_foot_primary",
					"parent": "foot_right",
					"pivot": [-9, 1.5, -7],
					"locators": {
						"foot_primary": [-9, 1.5, -7]
					}
				},
				{
					"name": "foot_right2",
					"parent": "foot_right",
					"pivot": [-9, 0, -5.5],
					"cubes": [
						{"origin": [-12, 0, -8.5], "size": [6, 3, 3], "inflate": 0.01, "uv": [108, 18], "mirror": true}
					]
				},
				{
					"name": "claw_right_outer",
					"parent": "foot_right2",
					"pivot": [-10.75, 2, -8.5],
					"cubes": [
						{"origin": [-10.75, 0, -11.25], "size": [0, 2, 3], "uv": [29, 59], "mirror": true}
					]
				},
				{
					"name": "claw_right_center",
					"parent": "foot_right2",
					"pivot": [-9, 2, -8.5],
					"cubes": [
						{"origin": [-9, 0, -11.5], "size": [0, 2, 3], "uv": [6, 39], "mirror": true}
					]
				},
				{
					"name": "claw_right_inner",
					"parent": "foot_right2",
					"pivot": [-7.25, 2, -8.5],
					"cubes": [
						{"origin": [-7.25, 0, -11.25], "size": [0, 2, 3], "uv": [0, 39], "mirror": true}
					]
				},
				{
					"name": "leg_left",
					"parent": "legs",
					"pivot": [8, 10.5, 1],
					"cubes": [
						{"origin": [5.5, 6.5, -7], "size": [7, 8, 12], "uv": [30, 62]}
					]
				},
				{
					"name": "knee_left",
					"parent": "leg_left",
					"pivot": [9, 6.5, -5],
					"cubes": [
						{"origin": [6.5, 1.5, -6], "size": [5, 7, 6], "uv": [68, 77]}
					]
				},
				{
					"name": "foot_left",
					"parent": "knee_left",
					"pivot": [9, 1.5, -3.5],
					"cubes": [
						{"origin": [6, 0, -5.5], "size": [6, 3, 6], "uv": [0, 87]}
					]
				},
				{
					"name": "locator_foot_secondary",
					"parent": "foot_left",
					"pivot": [9, 1.5, -7],
					"locators": {
						"foot_secondary": [9, 1.5, -7]
					}
				},
				{
					"name": "foot_left2",
					"parent": "foot_left",
					"pivot": [9, 0, -5.5],
					"cubes": [
						{"origin": [6, 0, -8.5], "size": [6, 3, 3], "inflate": 0.01, "uv": [18, 87]}
					]
				},
				{
					"name": "claw_left_outer",
					"parent": "foot_left2",
					"pivot": [10.75, 2, -8.5],
					"cubes": [
						{"origin": [10.75, 0, -11.25], "size": [0, 2, 3], "uv": [29, 57]}
					]
				},
				{
					"name": "claw_left_center",
					"parent": "foot_left2",
					"pivot": [9, 2, -8.5],
					"cubes": [
						{"origin": [9, 0, -11.5], "size": [0, 2, 3], "uv": [6, 37]}
					]
				},
				{
					"name": "claw_left_inner",
					"parent": "foot_left2",
					"pivot": [7.25, 2, -8.5],
					"cubes": [
						{"origin": [7.25, 0, -11.25], "size": [0, 2, 3], "uv": [0, 37]}
					]
				}
			]
		}
	]
}