{
  "portraitScale": 1.49,
  "portraitTranslation": [-1.39,1.99,0],
  "profileScale": 0.38,
  "profileTranslation": [-0.15,1.18,-10],
  "animations": {
    "cry": "q.bedrock_stateful('gyarados2', 'cry')"
  },
  "poses": {
    "portrait": {
      "poseTypes": [
        "PORTRAIT",
        "PROFILE"
      ],
      "isBattle": false,
      "isTouchingWater": false,
      "animations": [
        "q.look('head')",
        "q.bedrock('gyarados2', 'ground_idle')"
      ],
      "quirks": [
        "q.bedrock_quirk('gyarados2', 'blink')"
      ]
    },
    "battle-standing": {
      "poseTypes": [
        "STAND"
      ],
      "isBattle": true,
      "animations": [
        "q.look('head')",
        "q.bedrock('gyarados2', 'battle_idle')"
      ],
      "quirks": [
        "q.bedrock_quirk('gyarados2', 'blink')"
      ]
    },
    "standing": {
      "poseTypes": [
        "STAND",
        "NONE"
      ],
      "isBattle": false,
      "isTouchingWater": false,
      "animations": [
        "q.look('head')",
        "q.bedrock('gyarados2', 'ground_idle')"
      ],
      "quirks": [
        "q.bedrock_quirk('gyarados2', 'blink')"
      ]
    },
    "walking": {
      "poseTypes": [
        "WALK"
      ],
      "isTouchingWater": false,
      "animations": [
        "q.look('head')",
        "q.bedrock('gyarados2', 'ground_walk')"
      ],
      "quirks": [
        "q.bedrock_quirk('gyarados2', 'blink')"
      ]
    },
    "float": {
      "poseTypes": [
        "FLOAT"
      ],
      "isSubmergedInWater": true,
      "animations": [
        "q.look('head')",
        "q.bedrock('gyarados2', 'water_idle')"
      ],
      "quirks": [
        "q.bedrock_quirk('gyarados2', 'blink')"
      ]
    },
    "swim": {
      "poseTypes": [
        "SWIM"
      ],
      "isSubmergedInWater": true,
      "animations": [
        "q.look('head')",
        "q.bedrock('gyarados2', 'water_idle')"
      ],
      "quirks": [
        "q.bedrock_quirk('gyarados2', 'blink')"
      ]
    },
    "sleep": {
      "poseTypes": [
        "SLEEP"
      ],
      "isTouchingWater": false,
      "animations": [
        "q.bedrock('gyarados2', 'sleep')"
      ]
    },
    "surface_idle": {
      "poseTypes": [
        "STAND"
      ],
      "isTouchingWater": true,
      "isSubmergedInWater": false,
      "animations": [
        "q.look('head')",
        "q.bedrock('gyarados2', 'surfacewater_idle')"
      ],
      "quirks": [
        "q.bedrock_quirk('gyarados2', 'blink')"
      ]
    },
    "surface_swim": {
      "poseTypes": [
        "WALK"
      ],
      "isTouchingWater": true,
      "isSubmergedInWater": false,
      "animations": [
        "q.look('head')",
        "q.bedrock('gyarados2', 'surfacewater_swim')"
      ],
      "quirks": [
        "q.bedrock_quirk('gyarados2', 'blink')"
      ],
      "transformedParts": [
        {
          "part": "body",
          "position": [0, 9, 0]
        }
      ]
    }
  }
}