{
  "portraitScale": 1.9,
  "portraitTranslation": [0.05, 0, 0.0],
  "profileScale": 0.8,
  "profileTranslation": [-0.1, 0.4, 0.0],
  "animations": {
    "cry": "q.bedrock_stateful('beedrill2', 'cry')"
  },
  "poses": {
    "standing": {
      "poseTypes": ["STAND", "NONE", "PORTRAIT", "PROFILE"],
      "animations": ["q.look('head')", "q.bedrock('beedrill2', 'air_idle')"]
    },
    "walking": {
      "poseTypes": ["WALK"],
      "animations": ["q.look('head')", "q.bedrock('beedrill2', 'air_fly')"]
    },
    "flying": {
      "transformTicks": 5,
      "poseTypes": ["FLY"],
      "animations": ["q.look('head')", "q.bedrock('beedrill2', 'air_fly')"]
    },
    "hover": {
      "transformTicks": 5,
      "poseTypes": ["HOVER"],
      "animations": ["q.look('head')", "q.bedrock('beedrill2', 'air_idle')"]
    },
    "sleep": {
      "poseTypes": ["SLEEP"],
      "animations": ["q.bedrock('beedrill2', 'sleep')"]
    }
  }
}
